-- phpMyAdmin SQL Dump
-- version 5.1.1
-- https://www.phpmyadmin.net/
--
-- Hôte : localhost
-- Généré le : ven. 18 juin 2021 à 16:27
-- Version du serveur : 10.3.27-MariaDB-0+deb10u1
-- Version de PHP : 7.3.27-1~deb10u1

SET SQL_MODE = "NO_AUTO_VALUE_ON_ZERO";
START TRANSACTION;
SET time_zone = "+00:00";


/*!40101 SET @OLD_CHARACTER_SET_CLIENT=@@CHARACTER_SET_CLIENT */;
/*!40101 SET @OLD_CHARACTER_SET_RESULTS=@@CHARACTER_SET_RESULTS */;
/*!40101 SET @OLD_COLLATION_CONNECTION=@@COLLATION_CONNECTION */;
/*!40101 SET NAMES utf8mb4 */;

--
-- Base de données : `gestion_questionnaires_rh`
--

-- --------------------------------------------------------

--
-- Structure de la table `Admins`
--

CREATE TABLE `Admins` (
  `ID` int(11) NOT NULL,
  `_Mail` varchar(50) COLLATE latin1_general_cs NOT NULL,
  `_Password` text COLLATE latin1_general_cs NOT NULL,
  `Localisation` int(11) NOT NULL
) ENGINE=InnoDB DEFAULT CHARSET=latin1 COLLATE=latin1_general_cs;

--
-- Déchargement des données de la table `Admins`
--

INSERT INTO `Admins` (`ID`, `_Mail`, `_Password`, `Localisation`) VALUES
(1, 'admin@coriolis.fr', '1234', 1),
(2, 'admin2@coriolis.fr', '1234', 2),
(3, 'admin3@coriolis.fr', '1234', 2);

-- --------------------------------------------------------

--
-- Structure de la table `Candidats`
--

CREATE TABLE `Candidats` (
  `_ID` int(11) NOT NULL,
  `_Token` varchar(32) COLLATE latin1_general_cs NOT NULL,
  `Nom` varchar(50) COLLATE latin1_general_cs NOT NULL,
  `Prenom` varchar(50) COLLATE latin1_general_cs NOT NULL,
  `DateDeNaissance` date NOT NULL,
  `Telephone` varchar(12) COLLATE latin1_general_cs DEFAULT NULL,
  `Mail` varchar(100) COLLATE latin1_general_cs DEFAULT NULL,
  `DateDuJour` timestamp NOT NULL DEFAULT current_timestamp(),
  `IDPEmploi` varchar(50) COLLATE latin1_general_cs DEFAULT NULL,
  `DateDebutDisp` varchar(10) COLLATE latin1_general_cs DEFAULT NULL,
  `DatefinDisp` varchar(10) COLLATE latin1_general_cs DEFAULT NULL,
  `ControleRef` tinyint(1) NOT NULL DEFAULT 0,
  `DebutTest` timestamp NOT NULL DEFAULT current_timestamp(),
  `TempsRestant` int(11) NOT NULL DEFAULT 1800,
  `Localisation` int(11) NOT NULL,
  `Salle de formation` int(11) NOT NULL
) ENGINE=MEMORY DEFAULT CHARSET=latin1 COLLATE=latin1_general_cs;

-- --------------------------------------------------------

--
-- Structure de la table `Categories`
--

CREATE TABLE `Categories` (
  `Nom` varchar(50) COLLATE latin1_general_cs NOT NULL,
  `Introduction` varchar(300) COLLATE latin1_general_cs DEFAULT NULL,
  `QuantiteMin` int(11) NOT NULL DEFAULT 5
) ENGINE=InnoDB DEFAULT CHARSET=latin1 COLLATE=latin1_general_cs;

--
-- Déchargement des données de la table `Categories`
--

INSERT INTO `Categories` (`Nom`, `Introduction`, `QuantiteMin`) VALUES
('Conjugaison', 'Lorem ipsum dolor sit amet, consectetur adipiscing elit. Curabitur quis nisl enim. Proin dignissim leo arcu. Sed eget sapien gravida, auctor risus nec, hendrerit orci.', 6),
('Informatique', 'Lorem ipsum dolor sit amet, consectetur adipiscing elit. Curabitur quis nisl enim. Proin dignissim leo arcu. Sed eget sapien gravida, auctor risus nec, hendrerit orci.', 5),
('Mathématiques', 'Lorem ipsum dolor sit amet, consectetur adipiscing elit. Curabitur quis nisl enim. Proin dignissim leo arcu. Sed eget sapien gravida, auctor risus nec, hendrerit orci.', 5),
('Orthographe', 'Lorem ipsum dolor sit amet, consectetur adipiscing elit. Curabitur quis nisl enim. Proin dignissim leo arcu. Sed eget sapien gravida, auctor risus nec, hendrerit orci.', 3),
('Test d\'écoute', 'Lorem ipsum dolor sit amet, consectetur adipiscing elit. Curabitur quis nisl enim. Proin dignissim leo arcu. Sed eget sapien gravida, auctor risus nec, hendrerit orci.', 5);

-- --------------------------------------------------------

--
-- Structure de la table `Questions`
--

CREATE TABLE `Questions` (
  `_ID` int(11) NOT NULL,
  `Categorie` varchar(50) COLLATE latin1_general_cs NOT NULL,
  `Intitule` longtext COLLATE latin1_general_cs DEFAULT NULL,
  `Obligatoire` tinyint(1) NOT NULL DEFAULT 0,
  `Illustration` varchar(300) COLLATE latin1_general_cs DEFAULT NULL,
  `ReponseType` int(11) NOT NULL
) ENGINE=InnoDB DEFAULT CHARSET=latin1 COLLATE=latin1_general_cs;

--
-- Déchargement des données de la table `Questions`
--

INSERT INTO `Questions` (`_ID`, `Categorie`, `Intitule`, `Obligatoire`, `Illustration`, `ReponseType`) VALUES
(1, 'Mathématiques', 'Un client consomme 1230€ d\'électricité par an. Après un diagnostic, on lui propose une baisse de puissance. Suite à cette modification, on estime qu\'il consommera 999€ d\'électricité par an.\r\nCependant, cela nécessite une intervention qui lui sera facturée 90€\r\n\r\nQuelle sera l\'économie réalisée sur un an (sans tenir compte du coût de l\'intervention) ? Détaillez vos calculs.', 1, '', 2),
(2, 'Mathématiques', 'Un client consomme 1230€ d\'électricité par an. Après un diagnostic, on lui propose une baisse de puissance. Suite à cette modification, on estime qu\'il consommera 999€ d\'électricité par an.\r\nCependant, cela nécessite une intervention qui lui sera facturée 90€\r\n\r\nQuelle sera l\'économie réalisée par mois (sans tenir compte du coût de l\'intervention) ? Détaillez vos calculs.', 0, '', 1),
(3, 'Conjugaison', 'Pas le temps', 1, '1 + 1', 3),
(4, 'Test d\'écoute', 'Pas le temps', 0, '1 + 1', 0),
(5, 'Mathématiques', 'Un client consomme 1230€ d\'électricité par an. Après un diagnostic, on lui propose une baisse de puissance. Suite à cette modification, on estime qu\'il consommera 999€ d\'électricité par an.\r\nCependant, cela nécessite une intervention qui lui sera facturée 90€\r\n\r\nQuelle sera le délai d\'amortissement de l\'intervention de 90€ ? Détaillez vos calculs.', 1, '', 0),
(6, 'Mathématiques', '127*92', 1, NULL, 0),
(7, 'Mathématiques', '27-12', 0, NULL, 0),
(8, 'Mathématiques', '5616+245', 0, NULL, 0),
(9, 'Mathématiques', '5414+5752', 0, NULL, 0),
(10, 'Mathématiques', '5+484', 0, NULL, 0),
(11, 'Mathématiques', '5487164*48454/561548-5541', 0, NULL, 0),
(12, 'Mathématiques', '1+2', 0, NULL, 0),
(13, 'Test d\'écoute', 'Quelle est l\'une des qualités primordiales pour un conseiller clientèle :', 0, NULL, 2),
(14, 'Test d\'écoute', 'Comment formuleriez-vous cette phrase ?', 0, NULL, 2),
(15, 'Test d\'écoute', 'Choisissez la formulation qui convient le mieux :', 1, NULL, 2),
(16, 'Test d\'écoute', 'Quelle qualité est demandée pour un conseiller au-delà des qualités relationnelles :', 0, NULL, 2),
(17, 'Test d\'écoute', ' Que veut dire faire le mot \"empathie\" ?', 0, NULL, 2),
(18, 'Test d\'écoute', 'Lors d\'une communication téléphonique, je dois parler au : ', 0, NULL, 2),
(19, 'Conjugaison', ' ghqzhsfj hjgkhn gjk', 1, NULL, 0),
(20, 'Conjugaison', 'hth uh ughj yuil jjklyy UTH5EJQK UFIUERU H UI UFYUKSH HIYK YHILK KRETG IL GEFK JJYHKL GYHHKL GH UK', 1, NULL, 0),
(21, 'Conjugaison', ' QHJT KYF JRYL', 1, NULL, 0),
(22, 'Conjugaison', ' SHJSRH J HREE KJ', 0, NULL, 0),
(23, 'Conjugaison', 'RQG JH SJTY TKJTD', 0, NULL, 0),
(24, 'Conjugaison', ' SRTJK K FT J', 0, NULL, 0),
(25, 'Informatique', 'Uniquement avec le clavier d\'ordinateur, comment faire :\r\nCopier :', 1, NULL, 1),
(26, 'Informatique', 'Uniquement avec le clavier d\'ordinateur, comment faire :\r\nColler :', 0, NULL, 1),
(27, 'Informatique', 'Uniquement avec le clavier d\'ordinateur, comment faire :\r\nCouper :', 0, NULL, 1),
(28, 'Informatique', 'Que fait control X ?', 0, NULL, 1),
(29, 'Informatique', 'Que fait control C ?', 0, NULL, 1),
(30, 'Informatique', 'Que fait control V ?', 0, NULL, 1),
(31, 'Informatique', 'Quel est le raccourci clavier pour lancer une impression ?', 0, NULL, 1),
(32, 'Informatique', 'Quelles sont les premières lettres du clavier ?', 0, NULL, 1),
(33, 'Orthographe', 'Tu (acquérir) une expérience précieuse dans la relation client ', 1, NULL, 1),
(34, 'Orthographe', 'Je me (rendre) indispensable pour développer avec le client une relation durable et lui proposer une offre adaptée ', 0, NULL, 1),
(35, 'Orthographe', 'Les téléacteurs (croître) rapidement leurs taux de ventes tout en respectant la règle des 5 C', 0, NULL, 1),
(36, 'Orthographe', 'Il (concevoir) que 30% des actions de prospections menées, ont été efficaces', 0, NULL, 1),
(37, 'Orthographe', 'Depuis quelques années, les prix (augmenter), ce qui engendre le mécontentement des clients', 0, NULL, 1),
(38, 'Orthographe', 'Les marchandises qu\'ils avaient apporté sont considérées comme abimées', 1, NULL, 3);

-- --------------------------------------------------------

--
-- Structure de la table `QuestionsTests`
--

CREATE TABLE `QuestionsTests` (
  `_ID` int(11) NOT NULL,
  `_IDQuestion` int(11) NOT NULL,
  `_IDTest` int(11) NOT NULL
) ENGINE=InnoDB DEFAULT CHARSET=latin1 COLLATE=latin1_general_cs;

--
-- Déchargement des données de la table `QuestionsTests`
--

INSERT INTO `QuestionsTests` (`_ID`, `_IDQuestion`, `_IDTest`) VALUES
(13, 1, 11),
(38, 1, 12),
(60, 1, 13),
(85, 1, 14),
(108, 1, 15),
(134, 1, 16),
(156, 1, 17),
(181, 1, 18),
(204, 1, 19),
(230, 1, 20),
(254, 1, 21),
(278, 1, 22),
(301, 1, 23),
(325, 1, 24),
(348, 1, 25),
(373, 1, 26),
(398, 1, 27),
(421, 1, 28),
(444, 1, 29),
(469, 1, 30),
(493, 1, 31),
(516, 1, 32),
(541, 1, 33),
(566, 1, 34),
(588, 1, 35),
(612, 1, 36),
(638, 1, 37),
(661, 1, 38),
(684, 1, 39),
(709, 1, 40),
(734, 1, 41),
(756, 1, 42),
(782, 1, 43),
(806, 1, 44),
(829, 1, 45),
(852, 1, 46),
(876, 1, 47),
(901, 1, 48),
(926, 1, 49),
(948, 1, 50),
(974, 1, 51),
(998, 1, 52),
(1022, 1, 53),
(1045, 1, 54),
(1069, 1, 55),
(1092, 1, 56),
(1116, 1, 57),
(1140, 1, 58),
(1166, 1, 59),
(1188, 1, 60),
(1213, 1, 61),
(1236, 1, 62),
(1262, 1, 63),
(1284, 1, 64),
(1310, 1, 65),
(1332, 1, 66),
(1357, 1, 67),
(1380, 1, 68),
(1404, 1, 69),
(1430, 1, 70),
(1452, 1, 71),
(1476, 1, 72),
(1501, 1, 73),
(1524, 1, 74),
(1549, 1, 75),
(1573, 1, 76),
(1596, 1, 77),
(1622, 1, 78),
(1646, 1, 79),
(1669, 1, 80),
(1693, 1, 81),
(1716, 1, 82),
(1740, 1, 83),
(1765, 1, 84),
(1790, 1, 85),
(1812, 1, 86),
(1837, 1, 87),
(1862, 1, 88),
(1886, 1, 89),
(1908, 1, 90),
(1934, 1, 91),
(1957, 1, 92),
(1981, 1, 93),
(2005, 1, 94),
(2030, 1, 95),
(2052, 1, 96),
(2076, 1, 97),
(2100, 1, 98),
(2124, 1, 99),
(2148, 1, 100),
(2172, 1, 101),
(2197, 1, 102),
(2221, 1, 103),
(2245, 1, 104),
(2268, 1, 105),
(2292, 1, 106),
(2318, 1, 107),
(2340, 1, 108),
(2365, 1, 109),
(2388, 1, 110),
(2414, 1, 111),
(2436, 1, 112),
(2460, 1, 113),
(2484, 1, 114),
(2508, 1, 115),
(2533, 1, 116),
(2557, 1, 117),
(2581, 1, 118),
(2606, 1, 119),
(2630, 1, 120),
(2652, 1, 121),
(2676, 1, 122),
(2701, 1, 123),
(2725, 1, 124),
(2750, 1, 125),
(2774, 1, 126),
(2797, 1, 127),
(2820, 1, 128),
(2846, 1, 129),
(2868, 1, 130),
(2892, 1, 131),
(2918, 1, 132),
(2942, 1, 133),
(2966, 1, 134),
(2988, 1, 135),
(3013, 1, 136),
(3036, 1, 137),
(3062, 1, 138),
(3085, 1, 139),
(3110, 1, 140),
(3134, 1, 141),
(3157, 1, 142),
(3181, 1, 143),
(3206, 1, 144),
(3230, 1, 145),
(3252, 1, 146),
(3276, 1, 147),
(3301, 1, 148),
(3325, 1, 149),
(3348, 1, 150),
(3374, 1, 151),
(3396, 1, 152),
(3420, 1, 153),
(3445, 1, 154),
(3469, 1, 155),
(3493, 1, 156),
(3517, 1, 157),
(3542, 1, 158),
(3564, 1, 159),
(3589, 1, 160),
(3613, 1, 161),
(3636, 1, 162),
(3660, 1, 163),
(3686, 1, 164),
(3708, 1, 165),
(3732, 1, 166),
(3758, 1, 167),
(3782, 1, 168),
(3804, 1, 169),
(3829, 1, 170),
(3853, 1, 171),
(3876, 1, 172),
(3900, 1, 173),
(3925, 1, 174),
(3949, 1, 175),
(3974, 1, 176),
(3997, 1, 177),
(4021, 1, 178),
(4046, 1, 179),
(4070, 1, 180),
(4093, 1, 181),
(4116, 1, 182),
(4140, 1, 183),
(4164, 1, 184),
(4188, 1, 185),
(4212, 1, 186),
(4238, 1, 187),
(4262, 1, 188),
(4285, 1, 189),
(4308, 1, 190),
(4333, 1, 191),
(4358, 1, 192),
(4382, 1, 193),
(4405, 1, 194),
(4430, 1, 195),
(4452, 1, 196),
(4478, 1, 197),
(4501, 1, 198),
(4524, 1, 199),
(4548, 1, 200),
(4572, 1, 201),
(4597, 1, 202),
(4622, 1, 203),
(4644, 1, 204),
(4669, 1, 205),
(4692, 1, 206),
(4717, 1, 207),
(4742, 1, 208),
(4764, 1, 209),
(4789, 1, 210),
(4813, 1, 211),
(4836, 1, 212),
(4861, 1, 213),
(4885, 1, 214),
(4909, 1, 215),
(4932, 1, 216),
(4956, 1, 217),
(4980, 1, 218),
(5005, 1, 219),
(5030, 1, 220),
(5054, 1, 221),
(5076, 1, 222),
(5102, 1, 223),
(5125, 1, 224),
(5148, 1, 225),
(5172, 1, 226),
(5197, 1, 227),
(5221, 1, 228),
(5244, 1, 229),
(5269, 1, 230),
(5292, 1, 231),
(5316, 1, 232),
(5342, 1, 233),
(5364, 1, 234),
(5388, 1, 235),
(5413, 1, 236),
(5437, 1, 237),
(5462, 1, 238),
(5484, 1, 239),
(5510, 1, 240),
(5533, 1, 241),
(40, 2, 12),
(87, 2, 14),
(135, 2, 16),
(183, 2, 18),
(279, 2, 22),
(303, 2, 23),
(448, 2, 29),
(663, 2, 38),
(904, 2, 48),
(1024, 2, 53),
(1071, 2, 55),
(1095, 2, 56),
(1384, 2, 68),
(1431, 2, 70),
(1480, 2, 72),
(1504, 2, 73),
(1552, 2, 75),
(1600, 2, 77),
(1623, 2, 78),
(1672, 2, 80),
(1719, 2, 82),
(1792, 2, 85),
(1864, 2, 88),
(2127, 2, 99),
(2175, 2, 101),
(2343, 2, 108),
(2368, 2, 109),
(2391, 2, 110),
(2415, 2, 111),
(2440, 2, 112),
(2463, 2, 113),
(2655, 2, 121),
(2728, 2, 124),
(2800, 2, 127),
(2872, 2, 130),
(2944, 2, 133),
(3039, 2, 137),
(3063, 2, 138),
(3159, 2, 142),
(3207, 2, 144),
(3231, 2, 145),
(3255, 2, 146),
(3327, 2, 149),
(3543, 2, 158),
(3664, 2, 163),
(3784, 2, 168),
(3808, 2, 169),
(3831, 2, 170),
(3927, 2, 174),
(4023, 2, 178),
(4047, 2, 179),
(4096, 2, 181),
(4240, 2, 187),
(4287, 2, 189),
(4311, 2, 190),
(4335, 2, 191),
(4479, 2, 197),
(4528, 2, 199),
(4600, 2, 202),
(4671, 2, 205),
(4791, 2, 210),
(4911, 2, 215),
(4983, 2, 218),
(5176, 2, 226),
(5296, 2, 231),
(5440, 2, 237),
(4, 3, 11),
(27, 3, 12),
(52, 3, 13),
(73, 3, 14),
(99, 3, 15),
(121, 3, 16),
(148, 3, 17),
(172, 3, 18),
(194, 3, 19),
(218, 3, 20),
(241, 3, 21),
(268, 3, 22),
(292, 3, 23),
(314, 3, 24),
(339, 3, 25),
(362, 3, 26),
(387, 3, 27),
(412, 3, 28),
(433, 3, 29),
(460, 3, 30),
(484, 3, 31),
(508, 3, 32),
(532, 3, 33),
(553, 3, 34),
(580, 3, 35),
(602, 3, 36),
(626, 3, 37),
(650, 3, 38),
(673, 3, 39),
(699, 3, 40),
(721, 3, 41),
(746, 3, 42),
(772, 3, 43),
(793, 3, 44),
(817, 3, 45),
(843, 3, 46),
(866, 3, 47),
(892, 3, 48),
(914, 3, 49),
(940, 3, 50),
(962, 3, 51),
(988, 3, 52),
(1010, 3, 53),
(1036, 3, 54),
(1057, 3, 55),
(1082, 3, 56),
(1106, 3, 57),
(1132, 3, 58),
(1155, 3, 59),
(1178, 3, 60),
(1202, 3, 61),
(1225, 3, 62),
(1252, 3, 63),
(1273, 3, 64),
(1298, 3, 65),
(1321, 3, 66),
(1346, 3, 67),
(1369, 3, 68),
(1396, 3, 69),
(1417, 3, 70),
(1444, 3, 71),
(1467, 3, 72),
(1489, 3, 73),
(1515, 3, 74),
(1539, 3, 75),
(1563, 3, 76),
(1587, 3, 77),
(1610, 3, 78),
(1633, 3, 79),
(1657, 3, 80),
(1684, 3, 81),
(1705, 3, 82),
(1730, 3, 83),
(1756, 3, 84),
(1778, 3, 85),
(1803, 3, 86),
(1828, 3, 87),
(1852, 3, 88),
(1873, 3, 89),
(1897, 3, 90),
(1921, 3, 91),
(1947, 3, 92),
(1969, 3, 93),
(1995, 3, 94),
(2017, 3, 95),
(2044, 3, 96),
(2067, 3, 97),
(2090, 3, 98),
(2115, 3, 99),
(2140, 3, 100),
(2161, 3, 101),
(2186, 3, 102),
(2211, 3, 103),
(2236, 3, 104),
(2260, 3, 105),
(2282, 3, 106),
(2308, 3, 107),
(2331, 3, 108),
(2356, 3, 109),
(2378, 3, 110),
(2401, 3, 111),
(2426, 3, 112),
(2452, 3, 113),
(2476, 3, 114),
(2499, 3, 115),
(2522, 3, 116),
(2545, 3, 117),
(2570, 3, 118),
(2594, 3, 119),
(2617, 3, 120),
(2642, 3, 121),
(2668, 3, 122),
(2691, 3, 123),
(2716, 3, 124),
(2737, 3, 125),
(2764, 3, 126),
(2788, 3, 127),
(2810, 3, 128),
(2835, 3, 129),
(2859, 3, 130),
(2884, 3, 131),
(2906, 3, 132),
(2932, 3, 133),
(2956, 3, 134),
(2978, 3, 135),
(3003, 3, 136),
(3025, 3, 137),
(3052, 3, 138),
(3076, 3, 139),
(3097, 3, 140),
(3121, 3, 141),
(3148, 3, 142),
(3171, 3, 143),
(3195, 3, 144),
(3218, 3, 145),
(3244, 3, 146),
(3267, 3, 147),
(3292, 3, 148),
(3315, 3, 149),
(3337, 3, 150),
(3364, 3, 151),
(3385, 3, 152),
(3409, 3, 153),
(3434, 3, 154),
(3457, 3, 155),
(3484, 3, 156),
(3506, 3, 157),
(3532, 3, 158),
(3556, 3, 159),
(3577, 3, 160),
(3604, 3, 161),
(3625, 3, 162),
(3649, 3, 163),
(3674, 3, 164),
(3698, 3, 165),
(3720, 3, 166),
(3748, 3, 167),
(3771, 3, 168),
(3794, 3, 169),
(3819, 3, 170),
(3844, 3, 171),
(3860, 3, 172),
(3891, 3, 173),
(3915, 3, 174),
(3937, 3, 175),
(3961, 3, 176),
(3985, 3, 177),
(4010, 3, 178),
(4033, 3, 179),
(4058, 3, 180),
(4083, 3, 181),
(4108, 3, 182),
(4131, 3, 183),
(4156, 3, 184),
(4178, 3, 185),
(4202, 3, 186),
(4227, 3, 187),
(4250, 3, 188),
(4274, 3, 189),
(4299, 3, 190),
(4323, 3, 191),
(4348, 3, 192),
(4371, 3, 193),
(4396, 3, 194),
(4418, 3, 195),
(4441, 3, 196),
(4468, 3, 197),
(4490, 3, 198),
(4515, 3, 199),
(4540, 3, 200),
(4562, 3, 201),
(4587, 3, 202),
(4610, 3, 203),
(4634, 3, 204),
(4657, 3, 205),
(4683, 3, 206),
(4708, 3, 207),
(4732, 3, 208),
(4754, 3, 209),
(4777, 3, 210),
(4802, 3, 211),
(4825, 3, 212),
(4852, 3, 213),
(4876, 3, 214),
(4898, 3, 215),
(4921, 3, 216),
(4945, 3, 217),
(4972, 3, 218),
(4996, 3, 219),
(5019, 3, 220),
(5042, 3, 221),
(5067, 3, 222),
(5089, 3, 223),
(5115, 3, 224),
(5140, 3, 225),
(5163, 3, 226),
(5186, 3, 227),
(5210, 3, 228),
(5233, 3, 229),
(5259, 3, 230),
(5282, 3, 231),
(5306, 3, 232),
(5332, 3, 233),
(5354, 3, 234),
(5377, 3, 235),
(5402, 3, 236),
(5426, 3, 237),
(5452, 3, 238),
(5474, 3, 239),
(5498, 3, 240),
(5521, 3, 241),
(46, 4, 12),
(72, 4, 13),
(95, 4, 14),
(120, 4, 15),
(144, 4, 16),
(167, 4, 17),
(215, 4, 19),
(240, 4, 20),
(336, 4, 24),
(357, 4, 25),
(383, 4, 26),
(407, 4, 27),
(430, 4, 28),
(453, 4, 29),
(479, 4, 30),
(504, 4, 31),
(525, 4, 32),
(551, 4, 33),
(576, 4, 34),
(600, 4, 35),
(646, 4, 37),
(693, 4, 39),
(719, 4, 40),
(742, 4, 41),
(767, 4, 42),
(792, 4, 43),
(814, 4, 44),
(840, 4, 45),
(885, 4, 47),
(981, 4, 51),
(1005, 4, 52),
(1030, 4, 53),
(1055, 4, 54),
(1080, 4, 55),
(1125, 4, 57),
(1151, 4, 58),
(1198, 4, 60),
(1222, 4, 61),
(1341, 4, 66),
(1367, 4, 67),
(1416, 4, 69),
(1464, 4, 71),
(1488, 4, 72),
(1559, 4, 75),
(1584, 4, 76),
(1606, 4, 77),
(1630, 4, 78),
(1656, 4, 79),
(1725, 4, 82),
(1752, 4, 83),
(1797, 4, 85),
(1848, 4, 87),
(1872, 4, 88),
(1919, 4, 90),
(1990, 4, 93),
(2037, 4, 95),
(2063, 4, 96),
(2087, 4, 97),
(2111, 4, 98),
(2134, 4, 99),
(2181, 4, 101),
(2207, 4, 102),
(2232, 4, 103),
(2253, 4, 104),
(2325, 4, 107),
(2349, 4, 108),
(2399, 4, 110),
(2424, 4, 111),
(2448, 4, 112),
(2519, 4, 115),
(2544, 4, 116),
(2565, 4, 117),
(2615, 4, 119),
(2661, 4, 121),
(2710, 4, 123),
(2734, 4, 124),
(2759, 4, 125),
(2782, 4, 126),
(2831, 4, 128),
(2855, 4, 129),
(2877, 4, 130),
(2901, 4, 131),
(2927, 4, 132),
(2949, 4, 133),
(2997, 4, 135),
(3046, 4, 137),
(3072, 4, 138),
(3141, 4, 141),
(3189, 4, 143),
(3216, 4, 144),
(3264, 4, 146),
(3287, 4, 147),
(3309, 4, 148),
(3333, 4, 149),
(3357, 4, 150),
(3382, 4, 151),
(3504, 4, 156),
(3527, 4, 157),
(3550, 4, 158),
(3575, 4, 159),
(3623, 4, 161),
(3670, 4, 163),
(3695, 4, 164),
(3742, 4, 166),
(3765, 4, 167),
(3813, 4, 169),
(3837, 4, 170),
(3864, 4, 171),
(3885, 4, 172),
(3934, 4, 174),
(4005, 4, 177),
(4029, 4, 178),
(4053, 4, 179),
(4080, 4, 180),
(4102, 4, 181),
(4125, 4, 182),
(4197, 4, 185),
(4222, 4, 186),
(4272, 4, 188),
(4318, 4, 190),
(4341, 4, 191),
(4389, 4, 193),
(4415, 4, 194),
(4438, 4, 195),
(4511, 4, 198),
(4534, 4, 199),
(4606, 4, 202),
(4632, 4, 203),
(4654, 4, 204),
(4677, 4, 205),
(4725, 4, 207),
(4773, 4, 209),
(4799, 4, 210),
(4822, 4, 211),
(4847, 4, 212),
(4871, 4, 213),
(4943, 4, 216),
(4967, 4, 217),
(5014, 4, 219),
(5039, 4, 220),
(5064, 4, 221),
(5087, 4, 222),
(5136, 4, 224),
(5231, 4, 228),
(5279, 4, 230),
(5303, 4, 231),
(5328, 4, 232),
(5373, 4, 234),
(5399, 4, 235),
(5421, 4, 236),
(5448, 4, 237),
(5542, 4, 241),
(14, 5, 11),
(36, 5, 12),
(62, 5, 13),
(84, 5, 14),
(110, 5, 15),
(132, 5, 16),
(157, 5, 17),
(180, 5, 18),
(206, 5, 19),
(229, 5, 20),
(253, 5, 21),
(276, 5, 22),
(300, 5, 23),
(326, 5, 24),
(350, 5, 25),
(372, 5, 26),
(396, 5, 27),
(420, 5, 28),
(446, 5, 29),
(470, 5, 30),
(494, 5, 31),
(517, 5, 32),
(542, 5, 33),
(565, 5, 34),
(589, 5, 35),
(614, 5, 36),
(636, 5, 37),
(662, 5, 38),
(685, 5, 39),
(708, 5, 40),
(732, 5, 41),
(757, 5, 42),
(781, 5, 43),
(804, 5, 44),
(828, 5, 45),
(853, 5, 46),
(877, 5, 47),
(902, 5, 48),
(925, 5, 49),
(950, 5, 50),
(973, 5, 51),
(997, 5, 52),
(1020, 5, 53),
(1046, 5, 54),
(1070, 5, 55),
(1093, 5, 56),
(1117, 5, 57),
(1141, 5, 58),
(1165, 5, 59),
(1189, 5, 60),
(1212, 5, 61),
(1237, 5, 62),
(1261, 5, 63),
(1285, 5, 64),
(1308, 5, 65),
(1334, 5, 66),
(1356, 5, 67),
(1382, 5, 68),
(1405, 5, 69),
(1428, 5, 70),
(1453, 5, 71),
(1478, 5, 72),
(1500, 5, 73),
(1525, 5, 74),
(1548, 5, 75),
(1574, 5, 76),
(1597, 5, 77),
(1621, 5, 78),
(1645, 5, 79),
(1668, 5, 80),
(1694, 5, 81),
(1718, 5, 82),
(1742, 5, 83),
(1766, 5, 84),
(1789, 5, 85),
(1814, 5, 86),
(1838, 5, 87),
(1861, 5, 88),
(1885, 5, 89),
(1909, 5, 90),
(1932, 5, 91),
(1958, 5, 92),
(1980, 5, 93),
(2006, 5, 94),
(2028, 5, 95),
(2053, 5, 96),
(2077, 5, 97),
(2101, 5, 98),
(2126, 5, 99),
(2149, 5, 100),
(2174, 5, 101),
(2196, 5, 102),
(2220, 5, 103),
(2244, 5, 104),
(2269, 5, 105),
(2294, 5, 106),
(2316, 5, 107),
(2341, 5, 108),
(2366, 5, 109),
(2390, 5, 110),
(2413, 5, 111),
(2438, 5, 112),
(2461, 5, 113),
(2485, 5, 114),
(2509, 5, 115),
(2532, 5, 116),
(2556, 5, 117),
(2582, 5, 118),
(2604, 5, 119),
(2629, 5, 120),
(2653, 5, 121),
(2677, 5, 122),
(2702, 5, 123),
(2724, 5, 124),
(2749, 5, 125),
(2773, 5, 126),
(2798, 5, 127),
(2821, 5, 128),
(2845, 5, 129),
(2870, 5, 130),
(2894, 5, 131),
(2916, 5, 132),
(2940, 5, 133),
(2964, 5, 134),
(2990, 5, 135),
(3014, 5, 136),
(3037, 5, 137),
(3061, 5, 138),
(3086, 5, 139),
(3108, 5, 140),
(3132, 5, 141),
(3156, 5, 142),
(3182, 5, 143),
(3205, 5, 144),
(3228, 5, 145),
(3253, 5, 146),
(3278, 5, 147),
(3300, 5, 148),
(3326, 5, 149),
(3349, 5, 150),
(3372, 5, 151),
(3398, 5, 152),
(3421, 5, 153),
(3446, 5, 154),
(3470, 5, 155),
(3492, 5, 156),
(3516, 5, 157),
(3540, 5, 158),
(3566, 5, 159),
(3590, 5, 160),
(3612, 5, 161),
(3637, 5, 162),
(3661, 5, 163),
(3685, 5, 164),
(3710, 5, 165),
(3734, 5, 166),
(3756, 5, 167),
(3781, 5, 168),
(3806, 5, 169),
(3830, 5, 170),
(3854, 5, 171),
(3878, 5, 172),
(3901, 5, 173),
(3926, 5, 174),
(3950, 5, 175),
(3973, 5, 176),
(3998, 5, 177),
(4022, 5, 178),
(4045, 5, 179),
(4069, 5, 180),
(4094, 5, 181),
(4117, 5, 182),
(4141, 5, 183),
(4166, 5, 184),
(4189, 5, 185),
(4213, 5, 186),
(4237, 5, 187),
(4261, 5, 188),
(4284, 5, 189),
(4310, 5, 190),
(4334, 5, 191),
(4357, 5, 192),
(4380, 5, 193),
(4406, 5, 194),
(4429, 5, 195),
(4454, 5, 196),
(4477, 5, 197),
(4500, 5, 198),
(4525, 5, 199),
(4550, 5, 200),
(4573, 5, 201),
(4596, 5, 202),
(4621, 5, 203),
(4645, 5, 204),
(4668, 5, 205),
(4694, 5, 206),
(4716, 5, 207),
(4740, 5, 208),
(4766, 5, 209),
(4788, 5, 210),
(4812, 5, 211),
(4837, 5, 212),
(4860, 5, 213),
(4886, 5, 214),
(4908, 5, 215),
(4933, 5, 216),
(4958, 5, 217),
(4981, 5, 218),
(5004, 5, 219),
(5028, 5, 220),
(5052, 5, 221),
(5078, 5, 222),
(5100, 5, 223),
(5124, 5, 224),
(5149, 5, 225),
(5173, 5, 226),
(5198, 5, 227),
(5222, 5, 228),
(5245, 5, 229),
(5268, 5, 230),
(5294, 5, 231),
(5317, 5, 232),
(5341, 5, 233),
(5365, 5, 234),
(5390, 5, 235),
(5414, 5, 236),
(5438, 5, 237),
(5460, 5, 238),
(5485, 5, 239),
(5508, 5, 240),
(5532, 5, 241),
(12, 6, 11),
(37, 6, 12),
(61, 6, 13),
(86, 6, 14),
(109, 6, 15),
(133, 6, 16),
(158, 6, 17),
(182, 6, 18),
(205, 6, 19),
(228, 6, 20),
(252, 6, 21),
(277, 6, 22),
(302, 6, 23),
(324, 6, 24),
(349, 6, 25),
(374, 6, 26),
(397, 6, 27),
(422, 6, 28),
(445, 6, 29),
(468, 6, 30),
(492, 6, 31),
(518, 6, 32),
(540, 6, 33),
(564, 6, 34),
(590, 6, 35),
(613, 6, 36),
(637, 6, 37),
(660, 6, 38),
(686, 6, 39),
(710, 6, 40),
(733, 6, 41),
(758, 6, 42),
(780, 6, 43),
(805, 6, 44),
(830, 6, 45),
(854, 6, 46),
(878, 6, 47),
(900, 6, 48),
(924, 6, 49),
(949, 6, 50),
(972, 6, 51),
(996, 6, 52),
(1021, 6, 53),
(1044, 6, 54),
(1068, 6, 55),
(1094, 6, 56),
(1118, 6, 57),
(1142, 6, 58),
(1164, 6, 59),
(1190, 6, 60),
(1214, 6, 61),
(1238, 6, 62),
(1260, 6, 63),
(1286, 6, 64),
(1309, 6, 65),
(1333, 6, 66),
(1358, 6, 67),
(1381, 6, 68),
(1406, 6, 69),
(1429, 6, 70),
(1454, 6, 71),
(1477, 6, 72),
(1502, 6, 73),
(1526, 6, 74),
(1550, 6, 75),
(1572, 6, 76),
(1598, 6, 77),
(1620, 6, 78),
(1644, 6, 79),
(1670, 6, 80),
(1692, 6, 81),
(1717, 6, 82),
(1741, 6, 83),
(1764, 6, 84),
(1788, 6, 85),
(1813, 6, 86),
(1836, 6, 87),
(1860, 6, 88),
(1884, 6, 89),
(1910, 6, 90),
(1933, 6, 91),
(1956, 6, 92),
(1982, 6, 93),
(2004, 6, 94),
(2029, 6, 95),
(2054, 6, 96),
(2078, 6, 97),
(2102, 6, 98),
(2125, 6, 99),
(2150, 6, 100),
(2173, 6, 101),
(2198, 6, 102),
(2222, 6, 103),
(2246, 6, 104),
(2270, 6, 105),
(2293, 6, 106),
(2317, 6, 107),
(2342, 6, 108),
(2364, 6, 109),
(2389, 6, 110),
(2412, 6, 111),
(2437, 6, 112),
(2462, 6, 113),
(2486, 6, 114),
(2510, 6, 115),
(2534, 6, 116),
(2558, 6, 117),
(2580, 6, 118),
(2605, 6, 119),
(2628, 6, 120),
(2654, 6, 121),
(2678, 6, 122),
(2700, 6, 123),
(2726, 6, 124),
(2748, 6, 125),
(2772, 6, 126),
(2796, 6, 127),
(2822, 6, 128),
(2844, 6, 129),
(2869, 6, 130),
(2893, 6, 131),
(2917, 6, 132),
(2941, 6, 133),
(2965, 6, 134),
(2989, 6, 135),
(3012, 6, 136),
(3038, 6, 137),
(3060, 6, 138),
(3084, 6, 139),
(3109, 6, 140),
(3133, 6, 141),
(3158, 6, 142),
(3180, 6, 143),
(3204, 6, 144),
(3229, 6, 145),
(3254, 6, 146),
(3277, 6, 147),
(3302, 6, 148),
(3324, 6, 149),
(3350, 6, 150),
(3373, 6, 151),
(3397, 6, 152),
(3422, 6, 153),
(3444, 6, 154),
(3468, 6, 155),
(3494, 6, 156),
(3518, 6, 157),
(3541, 6, 158),
(3565, 6, 159),
(3588, 6, 160),
(3614, 6, 161),
(3638, 6, 162),
(3662, 6, 163),
(3684, 6, 164),
(3709, 6, 165),
(3733, 6, 166),
(3757, 6, 167),
(3780, 6, 168),
(3805, 6, 169),
(3828, 6, 170),
(3852, 6, 171),
(3877, 6, 172),
(3902, 6, 173),
(3924, 6, 174),
(3948, 6, 175),
(3972, 6, 176),
(3996, 6, 177),
(4020, 6, 178),
(4044, 6, 179),
(4068, 6, 180),
(4092, 6, 181),
(4118, 6, 182),
(4142, 6, 183),
(4165, 6, 184),
(4190, 6, 185),
(4214, 6, 186),
(4236, 6, 187),
(4260, 6, 188),
(4286, 6, 189),
(4309, 6, 190),
(4332, 6, 191),
(4356, 6, 192),
(4381, 6, 193),
(4404, 6, 194),
(4428, 6, 195),
(4453, 6, 196),
(4476, 6, 197),
(4502, 6, 198),
(4526, 6, 199),
(4549, 6, 200),
(4574, 6, 201),
(4598, 6, 202),
(4620, 6, 203),
(4646, 6, 204),
(4670, 6, 205),
(4693, 6, 206),
(4718, 6, 207),
(4741, 6, 208),
(4765, 6, 209),
(4790, 6, 210),
(4814, 6, 211),
(4838, 6, 212),
(4862, 6, 213),
(4884, 6, 214),
(4910, 6, 215),
(4934, 6, 216),
(4957, 6, 217),
(4982, 6, 218),
(5006, 6, 219),
(5029, 6, 220),
(5053, 6, 221),
(5077, 6, 222),
(5101, 6, 223),
(5126, 6, 224),
(5150, 6, 225),
(5174, 6, 226),
(5196, 6, 227),
(5220, 6, 228),
(5246, 6, 229),
(5270, 6, 230),
(5293, 6, 231),
(5318, 6, 232),
(5340, 6, 233),
(5366, 6, 234),
(5389, 6, 235),
(5412, 6, 236),
(5436, 6, 237),
(5461, 6, 238),
(5486, 6, 239),
(5509, 6, 240),
(5534, 6, 241),
(232, 7, 20),
(327, 7, 24),
(352, 7, 25),
(423, 7, 28),
(472, 7, 30),
(495, 7, 31),
(615, 7, 36),
(711, 7, 40),
(807, 7, 44),
(832, 7, 45),
(856, 7, 46),
(879, 7, 47),
(928, 7, 49),
(952, 7, 50),
(975, 7, 51),
(1047, 7, 54),
(1168, 7, 59),
(1240, 7, 62),
(1287, 7, 64),
(1335, 7, 66),
(1455, 7, 71),
(1528, 7, 74),
(1551, 7, 75),
(1599, 7, 77),
(1624, 7, 78),
(1648, 7, 79),
(1695, 7, 81),
(1791, 7, 85),
(1912, 7, 90),
(1936, 7, 91),
(2103, 7, 98),
(2271, 7, 105),
(2320, 7, 107),
(2487, 7, 114),
(2512, 7, 115),
(2536, 7, 116),
(2583, 7, 118),
(2704, 7, 123),
(2776, 7, 126),
(2799, 7, 127),
(2848, 7, 129),
(2919, 7, 132),
(3040, 7, 137),
(3088, 7, 139),
(3111, 7, 140),
(3160, 7, 142),
(3208, 7, 144),
(3256, 7, 146),
(3495, 7, 156),
(3520, 7, 157),
(3591, 7, 160),
(3783, 7, 168),
(3856, 7, 171),
(4024, 7, 178),
(4048, 7, 179),
(4119, 7, 182),
(4144, 7, 183),
(4192, 7, 185),
(4216, 7, 186),
(4336, 7, 191),
(4383, 7, 193),
(4408, 7, 194),
(4504, 7, 198),
(4552, 7, 200),
(4575, 7, 201),
(4623, 7, 203),
(4648, 7, 204),
(4672, 7, 205),
(4695, 7, 206),
(4815, 7, 211),
(4888, 7, 214),
(4936, 7, 216),
(5008, 7, 219),
(5152, 7, 225),
(5224, 7, 228),
(5343, 7, 233),
(5391, 7, 235),
(5511, 7, 240),
(39, 8, 12),
(63, 8, 13),
(111, 8, 15),
(136, 8, 16),
(160, 8, 17),
(184, 8, 18),
(447, 8, 29),
(639, 8, 37),
(664, 8, 38),
(687, 8, 39),
(736, 8, 41),
(760, 8, 42),
(784, 8, 43),
(927, 8, 49),
(999, 8, 52),
(1192, 8, 60),
(1263, 8, 63),
(1383, 8, 68),
(1407, 8, 69),
(1503, 8, 73),
(1744, 8, 83),
(1768, 8, 84),
(1815, 8, 86),
(1839, 8, 87),
(1888, 8, 89),
(1960, 8, 92),
(1983, 8, 93),
(2008, 8, 94),
(2031, 8, 95),
(2152, 8, 100),
(2248, 8, 104),
(2296, 8, 106),
(2439, 8, 112),
(2535, 8, 116),
(2632, 8, 120),
(2656, 8, 121),
(2775, 8, 126),
(2823, 8, 128),
(2943, 8, 133),
(2967, 8, 134),
(3279, 8, 147),
(3303, 8, 148),
(3351, 8, 150),
(3399, 8, 152),
(3424, 8, 153),
(3471, 8, 155),
(3592, 8, 160),
(3688, 8, 164),
(3711, 8, 165),
(3760, 8, 167),
(3807, 8, 169),
(3904, 8, 173),
(3951, 8, 175),
(4143, 8, 183),
(4263, 8, 188),
(4384, 8, 193),
(4407, 8, 194),
(4432, 8, 195),
(4647, 8, 204),
(4720, 8, 207),
(4743, 8, 208),
(4768, 8, 209),
(4960, 8, 217),
(5079, 8, 222),
(5103, 8, 223),
(5127, 8, 224),
(5247, 8, 229),
(5271, 8, 230),
(5416, 8, 236),
(5463, 8, 238),
(5535, 8, 241),
(16, 9, 11),
(520, 9, 32),
(543, 9, 33),
(712, 9, 40),
(1000, 9, 52),
(1191, 9, 60),
(1215, 9, 61),
(1336, 9, 66),
(1432, 9, 70),
(1479, 9, 72),
(1576, 9, 76),
(1767, 9, 84),
(1863, 9, 88),
(1984, 9, 93),
(2128, 9, 99),
(2199, 9, 102),
(2224, 9, 103),
(2247, 9, 104),
(2272, 9, 105),
(2367, 9, 109),
(2559, 9, 117),
(2584, 9, 118),
(2607, 9, 119),
(2631, 9, 120),
(2679, 9, 122),
(2752, 9, 125),
(2824, 9, 128),
(2895, 9, 131),
(2920, 9, 132),
(2992, 9, 135),
(3087, 9, 139),
(3135, 9, 141),
(3352, 9, 150),
(3519, 9, 157),
(3663, 9, 163),
(3880, 9, 172),
(3903, 9, 173),
(3928, 9, 174),
(3976, 9, 176),
(4072, 9, 180),
(4191, 9, 185),
(4455, 9, 196),
(4480, 9, 197),
(4503, 9, 198),
(4696, 9, 206),
(4744, 9, 208),
(4863, 9, 213),
(4912, 9, 215),
(4984, 9, 218),
(5104, 9, 223),
(5128, 9, 224),
(5151, 9, 225),
(5200, 9, 227),
(5368, 9, 234),
(5392, 9, 235),
(5488, 9, 239),
(64, 10, 13),
(88, 10, 14),
(112, 10, 15),
(231, 10, 20),
(328, 10, 24),
(376, 10, 26),
(399, 10, 27),
(496, 10, 31),
(519, 10, 32),
(544, 10, 33),
(568, 10, 34),
(640, 10, 37),
(688, 10, 39),
(735, 10, 41),
(1096, 10, 56),
(1167, 10, 59),
(1288, 10, 64),
(1311, 10, 65),
(1359, 10, 67),
(1408, 10, 69),
(1456, 10, 71),
(1840, 10, 87),
(1959, 10, 92),
(2056, 10, 96),
(2104, 10, 98),
(2151, 10, 100),
(2200, 10, 102),
(2344, 10, 108),
(2416, 10, 111),
(2488, 10, 114),
(2511, 10, 115),
(2871, 10, 130),
(2968, 10, 134),
(3112, 10, 140),
(3280, 10, 147),
(3304, 10, 148),
(3400, 10, 152),
(3567, 10, 159),
(3616, 10, 161),
(3639, 10, 162),
(3855, 10, 171),
(4071, 10, 180),
(4120, 10, 182),
(4215, 10, 186),
(4456, 10, 196),
(4551, 10, 200),
(4767, 10, 209),
(4839, 10, 212),
(4864, 10, 213),
(4935, 10, 216),
(5032, 10, 220),
(5199, 10, 227),
(5248, 10, 229),
(5272, 10, 230),
(5295, 10, 231),
(5319, 10, 232),
(5415, 10, 236),
(5487, 10, 239),
(5512, 10, 240),
(207, 11, 19),
(256, 11, 21),
(280, 11, 22),
(304, 11, 23),
(375, 11, 26),
(400, 11, 27),
(592, 11, 35),
(616, 11, 36),
(880, 11, 47),
(951, 11, 50),
(976, 11, 51),
(1023, 11, 53),
(1119, 11, 57),
(1144, 11, 58),
(1216, 11, 61),
(1239, 11, 62),
(1264, 11, 63),
(1360, 11, 67),
(1527, 11, 74),
(1575, 11, 76),
(1696, 11, 81),
(1887, 11, 89),
(1935, 11, 91),
(2032, 11, 95),
(2079, 11, 97),
(2176, 11, 101),
(2223, 11, 103),
(2392, 11, 110),
(2560, 11, 117),
(2608, 11, 119),
(2680, 11, 122),
(2703, 11, 123),
(2727, 11, 124),
(2751, 11, 125),
(3015, 11, 136),
(3183, 11, 143),
(3375, 11, 151),
(3448, 11, 154),
(3615, 11, 161),
(3640, 11, 162),
(3735, 11, 166),
(3759, 11, 167),
(3879, 11, 172),
(3975, 11, 176),
(4000, 11, 177),
(4095, 11, 181),
(4168, 11, 184),
(4264, 11, 188),
(4288, 11, 189),
(4312, 11, 190),
(4359, 11, 192),
(4527, 11, 199),
(4576, 11, 201),
(4599, 11, 202),
(4624, 11, 203),
(4792, 11, 210),
(4816, 11, 211),
(4959, 11, 217),
(5007, 11, 219),
(5031, 11, 220),
(5055, 11, 221),
(5080, 11, 222),
(5344, 11, 233),
(5367, 11, 234),
(5464, 11, 238),
(5536, 11, 241),
(15, 12, 11),
(159, 12, 17),
(208, 12, 19),
(255, 12, 21),
(351, 12, 25),
(424, 12, 28),
(471, 12, 30),
(567, 12, 34),
(591, 12, 35),
(759, 12, 42),
(783, 12, 43),
(808, 12, 44),
(831, 12, 45),
(855, 12, 46),
(903, 12, 48),
(1048, 12, 54),
(1072, 12, 55),
(1120, 12, 57),
(1143, 12, 58),
(1312, 12, 65),
(1647, 12, 79),
(1671, 12, 80),
(1720, 12, 82),
(1743, 12, 83),
(1816, 12, 86),
(1911, 12, 90),
(2007, 12, 94),
(2055, 12, 96),
(2080, 12, 97),
(2295, 12, 106),
(2319, 12, 107),
(2464, 12, 113),
(2847, 12, 129),
(2896, 12, 131),
(2991, 12, 135),
(3016, 12, 136),
(3064, 12, 138),
(3136, 12, 141),
(3184, 12, 143),
(3232, 12, 145),
(3328, 12, 149),
(3376, 12, 151),
(3423, 12, 153),
(3447, 12, 154),
(3472, 12, 155),
(3496, 12, 156),
(3544, 12, 158),
(3568, 12, 159),
(3687, 12, 164),
(3712, 12, 165),
(3736, 12, 166),
(3832, 12, 170),
(3952, 12, 175),
(3999, 12, 177),
(4167, 12, 184),
(4239, 12, 187),
(4360, 12, 192),
(4431, 12, 195),
(4719, 12, 207),
(4840, 12, 212),
(4887, 12, 214),
(5056, 12, 221),
(5175, 12, 226),
(5223, 12, 228),
(5320, 12, 232),
(5439, 12, 237),
(23, 13, 11),
(69, 13, 13),
(118, 13, 15),
(143, 13, 16),
(168, 13, 17),
(190, 13, 18),
(213, 13, 19),
(287, 13, 22),
(309, 13, 23),
(384, 13, 26),
(432, 13, 28),
(480, 13, 30),
(503, 13, 31),
(552, 13, 33),
(573, 13, 34),
(597, 13, 35),
(622, 13, 36),
(670, 13, 38),
(694, 13, 39),
(720, 13, 40),
(863, 13, 46),
(887, 13, 47),
(909, 13, 48),
(933, 13, 49),
(960, 13, 50),
(984, 13, 51),
(1006, 13, 52),
(1032, 13, 53),
(1054, 13, 54),
(1102, 13, 56),
(1173, 13, 59),
(1200, 13, 60),
(1221, 13, 61),
(1248, 13, 62),
(1270, 13, 63),
(1293, 13, 64),
(1320, 13, 65),
(1342, 13, 66),
(1366, 13, 67),
(1413, 13, 69),
(1439, 13, 70),
(1509, 13, 73),
(1535, 13, 74),
(1605, 13, 77),
(1655, 13, 79),
(1677, 13, 80),
(1702, 13, 81),
(1727, 13, 82),
(1774, 13, 84),
(1822, 13, 86),
(1845, 13, 87),
(1871, 13, 88),
(1896, 13, 89),
(1920, 13, 90),
(1943, 13, 91),
(1968, 13, 92),
(1991, 13, 93),
(2014, 13, 94),
(2038, 13, 95),
(2064, 13, 96),
(2110, 13, 98),
(2182, 13, 101),
(2229, 13, 103),
(2254, 13, 104),
(2278, 13, 105),
(2326, 13, 107),
(2374, 13, 109),
(2421, 13, 111),
(2471, 13, 113),
(2496, 13, 114),
(2590, 13, 118),
(2639, 13, 120),
(2663, 13, 121),
(2686, 13, 122),
(2712, 13, 123),
(2784, 13, 126),
(2805, 13, 127),
(2853, 13, 129),
(2928, 13, 132),
(2951, 13, 133),
(3000, 13, 135),
(3021, 13, 136),
(3045, 13, 137),
(3096, 13, 139),
(3119, 13, 140),
(3143, 13, 141),
(3237, 13, 145),
(3288, 13, 147),
(3311, 13, 148),
(3335, 13, 149),
(3383, 13, 151),
(3406, 13, 152),
(3431, 13, 153),
(3480, 13, 155),
(3551, 13, 158),
(3600, 13, 160),
(3647, 13, 162),
(3672, 13, 163),
(3694, 13, 164),
(3717, 13, 165),
(3741, 13, 166),
(3789, 13, 168),
(3909, 13, 173),
(3936, 13, 174),
(3957, 13, 175),
(3981, 13, 176),
(4030, 13, 178),
(4078, 13, 180),
(4150, 13, 183),
(4173, 13, 184),
(4198, 13, 185),
(4224, 13, 186),
(4248, 13, 187),
(4270, 13, 188),
(4294, 13, 189),
(4319, 13, 190),
(4368, 13, 192),
(4392, 13, 193),
(4414, 13, 194),
(4439, 13, 195),
(4461, 13, 196),
(4486, 13, 197),
(4509, 13, 198),
(4535, 13, 199),
(4560, 13, 200),
(4583, 13, 201),
(4608, 13, 202),
(4679, 13, 205),
(4701, 13, 206),
(4750, 13, 208),
(4776, 13, 209),
(4798, 13, 210),
(4821, 13, 211),
(4846, 13, 212),
(4870, 13, 213),
(4992, 13, 218),
(5016, 13, 219),
(5038, 13, 220),
(5086, 13, 222),
(5111, 13, 223),
(5160, 13, 225),
(5208, 13, 227),
(5232, 13, 228),
(5256, 13, 229),
(5280, 13, 230),
(5301, 13, 231),
(5350, 13, 233),
(5397, 13, 235),
(5469, 13, 238),
(5493, 13, 239),
(5518, 13, 240),
(21, 14, 11),
(70, 14, 13),
(96, 14, 14),
(191, 14, 18),
(214, 14, 19),
(238, 14, 20),
(261, 14, 21),
(286, 14, 22),
(312, 14, 23),
(335, 14, 24),
(360, 14, 25),
(382, 14, 26),
(408, 14, 27),
(431, 14, 28),
(454, 14, 29),
(478, 14, 30),
(501, 14, 31),
(574, 14, 34),
(598, 14, 35),
(623, 14, 36),
(648, 14, 37),
(669, 14, 38),
(768, 14, 42),
(816, 14, 44),
(838, 14, 45),
(861, 14, 46),
(886, 14, 47),
(911, 14, 48),
(934, 14, 49),
(1007, 14, 52),
(1029, 14, 53),
(1150, 14, 58),
(1175, 14, 59),
(1247, 14, 62),
(1272, 14, 63),
(1319, 14, 65),
(1392, 14, 68),
(1437, 14, 70),
(1486, 14, 72),
(1511, 14, 73),
(1536, 14, 74),
(1583, 14, 76),
(1608, 14, 77),
(1631, 14, 78),
(1775, 14, 84),
(1869, 14, 88),
(1941, 14, 91),
(1967, 14, 92),
(2016, 14, 94),
(2040, 14, 95),
(2061, 14, 96),
(2086, 14, 97),
(2112, 14, 98),
(2133, 14, 99),
(2158, 14, 100),
(2205, 14, 102),
(2231, 14, 103),
(2280, 14, 105),
(2301, 14, 106),
(2350, 14, 108),
(2375, 14, 109),
(2423, 14, 111),
(2518, 14, 115),
(2542, 14, 116),
(2566, 14, 117),
(2592, 14, 118),
(2613, 14, 119),
(2662, 14, 121),
(2709, 14, 123),
(2733, 14, 124),
(2757, 14, 125),
(2781, 14, 126),
(2808, 14, 127),
(2830, 14, 128),
(2856, 14, 129),
(2878, 14, 130),
(2902, 14, 131),
(2976, 14, 134),
(2999, 14, 135),
(3024, 14, 136),
(3048, 14, 137),
(3070, 14, 138),
(3144, 14, 141),
(3166, 14, 142),
(3191, 14, 143),
(3215, 14, 144),
(3239, 14, 145),
(3263, 14, 146),
(3286, 14, 147),
(3334, 14, 149),
(3358, 14, 150),
(3381, 14, 151),
(3405, 14, 152),
(3455, 14, 154),
(3478, 14, 155),
(3503, 14, 156),
(3528, 14, 157),
(3552, 14, 158),
(3576, 14, 159),
(3597, 14, 160),
(3624, 14, 161),
(3645, 14, 162),
(3669, 14, 163),
(3696, 14, 164),
(3719, 14, 165),
(3790, 14, 168),
(3814, 14, 169),
(3839, 14, 170),
(3866, 14, 171),
(3911, 14, 173),
(3933, 14, 174),
(3958, 14, 175),
(4008, 14, 177),
(4031, 14, 178),
(4055, 14, 179),
(4126, 14, 182),
(4151, 14, 183),
(4245, 14, 187),
(4295, 14, 189),
(4320, 14, 190),
(4343, 14, 191),
(4366, 14, 192),
(4391, 14, 193),
(4416, 14, 194),
(4463, 14, 196),
(4557, 14, 200),
(4584, 14, 201),
(4704, 14, 206),
(4728, 14, 207),
(4752, 14, 208),
(4775, 14, 209),
(4797, 14, 210),
(4893, 14, 214),
(4917, 14, 215),
(4942, 14, 216),
(4968, 14, 217),
(4989, 14, 218),
(5037, 14, 220),
(5063, 14, 221),
(5110, 14, 223),
(5133, 14, 224),
(5157, 14, 225),
(5182, 14, 226),
(5206, 14, 227),
(5302, 14, 231),
(5327, 14, 232),
(5349, 14, 233),
(5375, 14, 234),
(5446, 14, 237),
(5471, 14, 238),
(5520, 14, 240),
(20, 15, 11),
(44, 15, 12),
(68, 15, 13),
(92, 15, 14),
(116, 15, 15),
(140, 15, 16),
(164, 15, 17),
(188, 15, 18),
(212, 15, 19),
(236, 15, 20),
(260, 15, 21),
(284, 15, 22),
(308, 15, 23),
(332, 15, 24),
(356, 15, 25),
(380, 15, 26),
(404, 15, 27),
(428, 15, 28),
(452, 15, 29),
(476, 15, 30),
(500, 15, 31),
(524, 15, 32),
(548, 15, 33),
(572, 15, 34),
(596, 15, 35),
(620, 15, 36),
(644, 15, 37),
(668, 15, 38),
(692, 15, 39),
(716, 15, 40),
(740, 15, 41),
(764, 15, 42),
(788, 15, 43),
(812, 15, 44),
(836, 15, 45),
(860, 15, 46),
(884, 15, 47),
(908, 15, 48),
(932, 15, 49),
(956, 15, 50),
(980, 15, 51),
(1004, 15, 52),
(1028, 15, 53),
(1052, 15, 54),
(1076, 15, 55),
(1100, 15, 56),
(1124, 15, 57),
(1148, 15, 58),
(1172, 15, 59),
(1196, 15, 60),
(1220, 15, 61),
(1244, 15, 62),
(1268, 15, 63),
(1292, 15, 64),
(1316, 15, 65),
(1340, 15, 66),
(1364, 15, 67),
(1388, 15, 68),
(1412, 15, 69),
(1436, 15, 70),
(1460, 15, 71),
(1484, 15, 72),
(1508, 15, 73),
(1532, 15, 74),
(1556, 15, 75),
(1580, 15, 76),
(1604, 15, 77),
(1628, 15, 78),
(1652, 15, 79),
(1676, 15, 80),
(1700, 15, 81),
(1724, 15, 82),
(1748, 15, 83),
(1772, 15, 84),
(1796, 15, 85),
(1820, 15, 86),
(1844, 15, 87),
(1868, 15, 88),
(1892, 15, 89),
(1916, 15, 90),
(1940, 15, 91),
(1964, 15, 92),
(1988, 15, 93),
(2012, 15, 94),
(2036, 15, 95),
(2060, 15, 96),
(2084, 15, 97),
(2108, 15, 98),
(2132, 15, 99),
(2156, 15, 100),
(2180, 15, 101),
(2204, 15, 102),
(2228, 15, 103),
(2252, 15, 104),
(2276, 15, 105),
(2300, 15, 106),
(2324, 15, 107),
(2348, 15, 108),
(2372, 15, 109),
(2396, 15, 110),
(2420, 15, 111),
(2444, 15, 112),
(2468, 15, 113),
(2492, 15, 114),
(2516, 15, 115),
(2540, 15, 116),
(2564, 15, 117),
(2588, 15, 118),
(2612, 15, 119),
(2636, 15, 120),
(2660, 15, 121),
(2684, 15, 122),
(2708, 15, 123),
(2732, 15, 124),
(2756, 15, 125),
(2780, 15, 126),
(2804, 15, 127),
(2828, 15, 128),
(2852, 15, 129),
(2876, 15, 130),
(2900, 15, 131),
(2924, 15, 132),
(2948, 15, 133),
(2972, 15, 134),
(2996, 15, 135),
(3020, 15, 136),
(3044, 15, 137),
(3068, 15, 138),
(3092, 15, 139),
(3116, 15, 140),
(3140, 15, 141),
(3164, 15, 142),
(3188, 15, 143),
(3212, 15, 144),
(3236, 15, 145),
(3260, 15, 146),
(3284, 15, 147),
(3308, 15, 148),
(3332, 15, 149),
(3356, 15, 150),
(3380, 15, 151),
(3404, 15, 152),
(3428, 15, 153),
(3452, 15, 154),
(3476, 15, 155),
(3500, 15, 156),
(3524, 15, 157),
(3548, 15, 158),
(3572, 15, 159),
(3596, 15, 160),
(3620, 15, 161),
(3644, 15, 162),
(3668, 15, 163),
(3692, 15, 164),
(3716, 15, 165),
(3740, 15, 166),
(3764, 15, 167),
(3788, 15, 168),
(3812, 15, 169),
(3836, 15, 170),
(3861, 15, 171),
(3884, 15, 172),
(3908, 15, 173),
(3932, 15, 174),
(3956, 15, 175),
(3980, 15, 176),
(4004, 15, 177),
(4028, 15, 178),
(4052, 15, 179),
(4076, 15, 180),
(4100, 15, 181),
(4124, 15, 182),
(4148, 15, 183),
(4172, 15, 184),
(4196, 15, 185),
(4220, 15, 186),
(4244, 15, 187),
(4268, 15, 188),
(4292, 15, 189),
(4316, 15, 190),
(4340, 15, 191),
(4364, 15, 192),
(4388, 15, 193),
(4412, 15, 194),
(4436, 15, 195),
(4460, 15, 196),
(4484, 15, 197),
(4508, 15, 198),
(4532, 15, 199),
(4556, 15, 200),
(4580, 15, 201),
(4604, 15, 202),
(4628, 15, 203),
(4652, 15, 204),
(4676, 15, 205),
(4700, 15, 206),
(4724, 15, 207),
(4748, 15, 208),
(4772, 15, 209),
(4796, 15, 210),
(4820, 15, 211),
(4844, 15, 212),
(4868, 15, 213),
(4892, 15, 214),
(4916, 15, 215),
(4940, 15, 216),
(4964, 15, 217),
(4988, 15, 218),
(5012, 15, 219),
(5036, 15, 220),
(5060, 15, 221),
(5084, 15, 222),
(5108, 15, 223),
(5132, 15, 224),
(5156, 15, 225),
(5180, 15, 226),
(5204, 15, 227),
(5228, 15, 228),
(5252, 15, 229),
(5276, 15, 230),
(5300, 15, 231),
(5324, 15, 232),
(5348, 15, 233),
(5372, 15, 234),
(5396, 15, 235),
(5420, 15, 236),
(5444, 15, 237),
(5468, 15, 238),
(5492, 15, 239),
(5516, 15, 240),
(5540, 15, 241),
(48, 16, 12),
(93, 16, 14),
(119, 16, 15),
(141, 16, 16),
(216, 16, 19),
(239, 16, 20),
(264, 16, 21),
(311, 16, 23),
(334, 16, 24),
(406, 16, 27),
(429, 16, 28),
(456, 16, 29),
(477, 16, 30),
(502, 16, 31),
(527, 16, 32),
(550, 16, 33),
(575, 16, 34),
(647, 16, 37),
(696, 16, 39),
(718, 16, 40),
(741, 16, 41),
(791, 16, 43),
(815, 16, 44),
(839, 16, 45),
(936, 16, 49),
(957, 16, 50),
(982, 16, 51),
(1031, 16, 53),
(1078, 16, 55),
(1101, 16, 56),
(1126, 16, 57),
(1149, 16, 58),
(1176, 16, 59),
(1197, 16, 60),
(1245, 16, 62),
(1271, 16, 63),
(1296, 16, 64),
(1318, 16, 65),
(1343, 16, 66),
(1390, 16, 68),
(1415, 16, 69),
(1438, 16, 70),
(1462, 16, 71),
(1485, 16, 72),
(1512, 16, 73),
(1533, 16, 74),
(1558, 16, 75),
(1629, 16, 78),
(1679, 16, 80),
(1704, 16, 81),
(1726, 16, 82),
(1750, 16, 83),
(1773, 16, 84),
(1798, 16, 85),
(1823, 16, 86),
(1893, 16, 89),
(1917, 16, 90),
(1944, 16, 91),
(1992, 16, 93),
(2015, 16, 94),
(2136, 16, 99),
(2160, 16, 100),
(2183, 16, 101),
(2208, 16, 102),
(2277, 16, 105),
(2302, 16, 106),
(2327, 16, 107),
(2352, 16, 108),
(2373, 16, 109),
(2400, 16, 110),
(2447, 16, 112),
(2472, 16, 113),
(2495, 16, 114),
(2520, 16, 115),
(2541, 16, 116),
(2568, 16, 117),
(2591, 16, 118),
(2616, 16, 119),
(2638, 16, 120),
(2685, 16, 122),
(2711, 16, 123),
(2735, 16, 124),
(2758, 16, 125),
(2807, 16, 127),
(2832, 16, 128),
(2880, 16, 130),
(2903, 16, 131),
(2926, 16, 132),
(2974, 16, 134),
(2998, 16, 135),
(3023, 16, 136),
(3047, 16, 137),
(3069, 16, 138),
(3094, 16, 139),
(3118, 16, 140),
(3167, 16, 142),
(3213, 16, 144),
(3238, 16, 145),
(3261, 16, 146),
(3359, 16, 150),
(3429, 16, 153),
(3454, 16, 154),
(3549, 16, 158),
(3598, 16, 160),
(3622, 16, 161),
(3646, 16, 162),
(3693, 16, 164),
(3743, 16, 166),
(3766, 16, 167),
(3838, 16, 170),
(3868, 16, 171),
(3886, 16, 172),
(3910, 16, 173),
(3960, 16, 175),
(3984, 16, 176),
(4077, 16, 180),
(4103, 16, 181),
(4149, 16, 183),
(4175, 16, 184),
(4199, 16, 185),
(4246, 16, 187),
(4293, 16, 189),
(4317, 16, 190),
(4344, 16, 191),
(4365, 16, 192),
(4390, 16, 193),
(4462, 16, 196),
(4487, 16, 197),
(4512, 16, 198),
(4533, 16, 199),
(4558, 16, 200),
(4629, 16, 203),
(4656, 16, 204),
(4703, 16, 206),
(4726, 16, 207),
(4749, 16, 208),
(4774, 16, 209),
(4800, 16, 210),
(4824, 16, 211),
(4872, 16, 213),
(4894, 16, 214),
(4919, 16, 215),
(4944, 16, 216),
(4965, 16, 217),
(5134, 16, 224),
(5184, 16, 226),
(5205, 16, 227),
(5253, 16, 229),
(5277, 16, 230),
(5326, 16, 232),
(5376, 16, 234),
(5400, 16, 235),
(5424, 16, 236),
(5496, 16, 239),
(5519, 16, 240),
(5541, 16, 241),
(22, 17, 11),
(47, 17, 12),
(142, 17, 16),
(166, 17, 17),
(189, 17, 18),
(263, 17, 21),
(285, 17, 22),
(310, 17, 23),
(359, 17, 25),
(526, 17, 32),
(624, 17, 36),
(645, 17, 37),
(672, 17, 38),
(695, 17, 39),
(744, 17, 41),
(765, 17, 42),
(790, 17, 43),
(837, 17, 45),
(862, 17, 46),
(912, 17, 48),
(935, 17, 49),
(959, 17, 50),
(983, 17, 51),
(1008, 17, 52),
(1056, 17, 54),
(1077, 17, 55),
(1104, 17, 56),
(1128, 17, 57),
(1152, 17, 58),
(1174, 17, 59),
(1199, 17, 60),
(1223, 17, 61),
(1246, 17, 62),
(1269, 17, 63),
(1295, 17, 64),
(1344, 17, 66),
(1365, 17, 67),
(1391, 17, 68),
(1414, 17, 69),
(1461, 17, 71),
(1557, 17, 75),
(1582, 17, 76),
(1632, 17, 78),
(1653, 17, 79),
(1680, 17, 80),
(1701, 17, 81),
(1728, 17, 82),
(1749, 17, 83),
(1776, 17, 84),
(1799, 17, 85),
(1821, 17, 86),
(1847, 17, 87),
(1894, 17, 89),
(1918, 17, 90),
(1965, 17, 92),
(1989, 17, 93),
(2013, 17, 94),
(2039, 17, 95),
(2062, 17, 96),
(2085, 17, 97),
(2109, 17, 98),
(2159, 17, 100),
(2184, 17, 101),
(2255, 17, 104),
(2279, 17, 105),
(2303, 17, 106),
(2376, 17, 109),
(2397, 17, 110),
(2422, 17, 111),
(2446, 17, 112),
(2470, 17, 113),
(2493, 17, 114),
(2543, 17, 116),
(2589, 17, 118),
(2614, 17, 119),
(2637, 17, 120),
(2687, 17, 122),
(2783, 17, 126),
(2879, 17, 130),
(2904, 17, 131),
(2925, 17, 132),
(2950, 17, 133),
(2973, 17, 134),
(3095, 17, 139),
(3120, 17, 140),
(3168, 17, 142),
(3190, 17, 143),
(3214, 17, 144),
(3285, 17, 147),
(3312, 17, 148),
(3336, 17, 149),
(3360, 17, 150),
(3407, 17, 152),
(3430, 17, 153),
(3456, 17, 154),
(3477, 17, 155),
(3501, 17, 156),
(3525, 17, 157),
(3573, 17, 159),
(3621, 17, 161),
(3721, 17, 165),
(3744, 17, 166),
(3767, 17, 167),
(3792, 17, 168),
(3815, 17, 169),
(3840, 17, 170),
(3888, 17, 172),
(3983, 17, 176),
(4007, 17, 177),
(4032, 17, 178),
(4054, 17, 179),
(4101, 17, 181),
(4127, 17, 182),
(4152, 17, 183),
(4174, 17, 184),
(4200, 17, 185),
(4223, 17, 186),
(4247, 17, 187),
(4269, 17, 188),
(4296, 17, 189),
(4342, 17, 191),
(4440, 17, 195),
(4485, 17, 197),
(4581, 17, 201),
(4605, 17, 202),
(4631, 17, 203),
(4653, 17, 204),
(4678, 17, 205),
(4702, 17, 206),
(4751, 17, 208),
(4845, 17, 212),
(4895, 17, 214),
(4918, 17, 215),
(4966, 17, 217),
(4990, 17, 218),
(5015, 17, 219),
(5061, 17, 221),
(5088, 17, 222),
(5112, 17, 223),
(5135, 17, 224),
(5158, 17, 225),
(5183, 17, 226),
(5229, 17, 228),
(5255, 17, 229),
(5278, 17, 230),
(5325, 17, 232),
(5351, 17, 233),
(5398, 17, 235),
(5422, 17, 236),
(5445, 17, 237),
(5472, 17, 238),
(5495, 17, 239),
(5517, 17, 240),
(5544, 17, 241),
(24, 18, 11),
(45, 18, 12),
(71, 18, 13),
(94, 18, 14),
(117, 18, 15),
(165, 18, 17),
(192, 18, 18),
(237, 18, 20),
(262, 18, 21),
(288, 18, 22),
(333, 18, 24),
(358, 18, 25),
(381, 18, 26),
(405, 18, 27),
(455, 18, 29),
(528, 18, 32),
(549, 18, 33),
(599, 18, 35),
(621, 18, 36),
(671, 18, 38),
(717, 18, 40),
(743, 18, 41),
(766, 18, 42),
(789, 18, 43),
(813, 18, 44),
(864, 18, 46),
(888, 18, 47),
(910, 18, 48),
(958, 18, 50),
(1053, 18, 54),
(1079, 18, 55),
(1103, 18, 56),
(1127, 18, 57),
(1224, 18, 61),
(1294, 18, 64),
(1317, 18, 65),
(1368, 18, 67),
(1389, 18, 68),
(1440, 18, 70),
(1463, 18, 71),
(1487, 18, 72),
(1510, 18, 73),
(1534, 18, 74),
(1560, 18, 75),
(1581, 18, 76),
(1607, 18, 77),
(1654, 18, 79),
(1678, 18, 80),
(1703, 18, 81),
(1751, 18, 83),
(1800, 18, 85),
(1824, 18, 86),
(1846, 18, 87),
(1870, 18, 88),
(1895, 18, 89),
(1942, 18, 91),
(1966, 18, 92),
(2088, 18, 97),
(2135, 18, 99),
(2157, 18, 100),
(2206, 18, 102),
(2230, 18, 103),
(2256, 18, 104),
(2304, 18, 106),
(2328, 18, 107),
(2351, 18, 108),
(2398, 18, 110),
(2445, 18, 112),
(2469, 18, 113),
(2494, 18, 114),
(2517, 18, 115),
(2567, 18, 117),
(2640, 18, 120),
(2664, 18, 121),
(2688, 18, 122),
(2736, 18, 124),
(2760, 18, 125),
(2806, 18, 127),
(2829, 18, 128),
(2854, 18, 129),
(2952, 18, 133),
(2975, 18, 134),
(3022, 18, 136),
(3071, 18, 138),
(3093, 18, 139),
(3117, 18, 140),
(3142, 18, 141),
(3165, 18, 142),
(3192, 18, 143),
(3240, 18, 145),
(3262, 18, 146),
(3310, 18, 148),
(3384, 18, 151),
(3408, 18, 152),
(3432, 18, 153),
(3453, 18, 154),
(3479, 18, 155),
(3502, 18, 156),
(3526, 18, 157),
(3574, 18, 159),
(3599, 18, 160),
(3648, 18, 162),
(3671, 18, 163),
(3723, 18, 165),
(3768, 18, 167),
(3791, 18, 168),
(3816, 18, 169),
(3862, 18, 171),
(3887, 18, 172),
(3912, 18, 173),
(3935, 18, 174),
(3959, 18, 175),
(3982, 18, 176),
(4006, 18, 177),
(4056, 18, 179),
(4079, 18, 180),
(4104, 18, 181),
(4128, 18, 182),
(4176, 18, 184),
(4221, 18, 186),
(4271, 18, 188),
(4367, 18, 192),
(4413, 18, 194),
(4437, 18, 195),
(4464, 18, 196),
(4488, 18, 197),
(4510, 18, 198),
(4536, 18, 199),
(4559, 18, 200),
(4582, 18, 201),
(4607, 18, 202),
(4630, 18, 203),
(4655, 18, 204),
(4680, 18, 205),
(4727, 18, 207),
(4823, 18, 211),
(4848, 18, 212),
(4869, 18, 213),
(4896, 18, 214),
(4920, 18, 215),
(4941, 18, 216),
(4991, 18, 218),
(5013, 18, 219),
(5040, 18, 220),
(5062, 18, 221),
(5085, 18, 222),
(5109, 18, 223),
(5159, 18, 225),
(5181, 18, 226),
(5207, 18, 227),
(5230, 18, 228),
(5254, 18, 229),
(5304, 18, 231),
(5352, 18, 233),
(5374, 18, 234),
(5423, 18, 236),
(5447, 18, 237),
(5470, 18, 238),
(5494, 18, 239),
(5543, 18, 241),
(2, 19, 11),
(28, 19, 12),
(51, 19, 13),
(76, 19, 14),
(100, 19, 15),
(123, 19, 16),
(145, 19, 17),
(171, 19, 18),
(195, 19, 19),
(220, 19, 20),
(243, 19, 21),
(266, 19, 22),
(289, 19, 23),
(316, 19, 24),
(338, 19, 25),
(363, 19, 26),
(388, 19, 27),
(410, 19, 28),
(435, 19, 29),
(457, 19, 30),
(481, 19, 31),
(507, 19, 32),
(529, 19, 33),
(556, 19, 34),
(577, 19, 35),
(601, 19, 36),
(627, 19, 37),
(652, 19, 38),
(674, 19, 39),
(700, 19, 40),
(724, 19, 41),
(745, 19, 42),
(769, 19, 43),
(796, 19, 44),
(818, 19, 45),
(842, 19, 46),
(868, 19, 47),
(891, 19, 48),
(913, 19, 49),
(939, 19, 50),
(963, 19, 51),
(985, 19, 52),
(1011, 19, 53),
(1035, 19, 54),
(1059, 19, 55),
(1081, 19, 56),
(1105, 19, 57),
(1129, 19, 58),
(1153, 19, 59),
(1179, 19, 60),
(1204, 19, 61),
(1226, 19, 62),
(1249, 19, 63),
(1275, 19, 64),
(1297, 19, 65),
(1322, 19, 66),
(1348, 19, 67),
(1371, 19, 68),
(1394, 19, 69),
(1419, 19, 70),
(1441, 19, 71),
(1466, 19, 72),
(1491, 19, 73),
(1513, 19, 74),
(1537, 19, 75),
(1562, 19, 76),
(1585, 19, 77),
(1611, 19, 78),
(1635, 19, 79),
(1659, 19, 80),
(1682, 19, 81),
(1706, 19, 82),
(1729, 19, 83),
(1754, 19, 84),
(1777, 19, 85),
(1804, 19, 86),
(1827, 19, 87),
(1850, 19, 88),
(1876, 19, 89),
(1900, 19, 90),
(1922, 19, 91),
(1948, 19, 92),
(1971, 19, 93),
(1996, 19, 94),
(2020, 19, 95),
(2042, 19, 96),
(2066, 19, 97),
(2091, 19, 98),
(2116, 19, 99),
(2138, 19, 100),
(2162, 19, 101),
(2187, 19, 102),
(2212, 19, 103),
(2234, 19, 104),
(2259, 19, 105),
(2283, 19, 106),
(2307, 19, 107),
(2329, 19, 108),
(2353, 19, 109),
(2380, 19, 110),
(2402, 19, 111),
(2425, 19, 112),
(2449, 19, 113),
(2473, 19, 114),
(2500, 19, 115),
(2521, 19, 116),
(2546, 19, 117),
(2572, 19, 118),
(2595, 19, 119),
(2620, 19, 120),
(2641, 19, 121),
(2667, 19, 122),
(2689, 19, 123),
(2715, 19, 124),
(2740, 19, 125),
(2761, 19, 126),
(2785, 19, 127),
(2812, 19, 128),
(2834, 19, 129),
(2858, 19, 130),
(2882, 19, 131),
(2905, 19, 132),
(2929, 19, 133),
(2955, 19, 134),
(2980, 19, 135),
(3004, 19, 136),
(3027, 19, 137),
(3049, 19, 138),
(3075, 19, 139),
(3098, 19, 140),
(3123, 19, 141),
(3147, 19, 142),
(3172, 19, 143),
(3194, 19, 144),
(3219, 19, 145),
(3243, 19, 146),
(3266, 19, 147),
(3290, 19, 148),
(3316, 19, 149),
(3339, 19, 150),
(3363, 19, 151),
(3386, 19, 152),
(3412, 19, 153),
(3436, 19, 154),
(3459, 19, 155),
(3482, 19, 156),
(3507, 19, 157),
(3531, 19, 158),
(3555, 19, 159),
(3578, 19, 160),
(3603, 19, 161),
(3626, 19, 162),
(3651, 19, 163),
(3676, 19, 164),
(3699, 19, 165),
(3722, 19, 166),
(3747, 19, 167),
(3772, 19, 168),
(3793, 19, 169),
(3820, 19, 170),
(3841, 19, 171),
(3867, 19, 172),
(3889, 19, 173),
(3914, 19, 174),
(3938, 19, 175),
(3964, 19, 176),
(3988, 19, 177),
(4009, 19, 178),
(4034, 19, 179),
(4059, 19, 180),
(4084, 19, 181),
(4106, 19, 182),
(4130, 19, 183),
(4153, 19, 184),
(4177, 19, 185),
(4204, 19, 186),
(4226, 19, 187),
(4249, 19, 188),
(4275, 19, 189),
(4300, 19, 190),
(4321, 19, 191),
(4345, 19, 192),
(4369, 19, 193),
(4395, 19, 194),
(4420, 19, 195),
(4442, 19, 196),
(4467, 19, 197),
(4489, 19, 198),
(4516, 19, 199),
(4539, 19, 200),
(4563, 19, 201),
(4586, 19, 202),
(4609, 19, 203),
(4635, 19, 204),
(4660, 19, 205),
(4682, 19, 206),
(4705, 19, 207),
(4730, 19, 208),
(4755, 19, 209),
(4779, 19, 210),
(4804, 19, 211),
(4828, 19, 212),
(4850, 19, 213),
(4873, 19, 214),
(4897, 19, 215),
(4924, 19, 216),
(4946, 19, 217),
(4971, 19, 218),
(4993, 19, 219),
(5018, 19, 220),
(5044, 19, 221),
(5065, 19, 222),
(5090, 19, 223),
(5116, 19, 224),
(5139, 19, 225),
(5161, 19, 226),
(5188, 19, 227),
(5211, 19, 228),
(5235, 19, 229),
(5260, 19, 230),
(5283, 19, 231),
(5307, 19, 232),
(5330, 19, 233),
(5353, 19, 234),
(5380, 19, 235),
(5403, 19, 236),
(5425, 19, 237),
(5450, 19, 238),
(5476, 19, 239),
(5499, 19, 240),
(5523, 19, 241),
(1, 20, 11),
(26, 20, 12),
(49, 20, 13),
(75, 20, 14),
(97, 20, 15),
(122, 20, 16),
(147, 20, 17),
(169, 20, 18),
(196, 20, 19),
(217, 20, 20),
(242, 20, 21),
(265, 20, 22),
(291, 20, 23),
(313, 20, 24),
(340, 20, 25),
(364, 20, 26),
(386, 20, 27),
(411, 20, 28),
(434, 20, 29),
(458, 20, 30),
(482, 20, 31),
(505, 20, 32),
(531, 20, 33),
(554, 20, 34),
(579, 20, 35),
(603, 20, 36),
(625, 20, 37),
(649, 20, 38),
(676, 20, 39),
(698, 20, 40),
(722, 20, 41),
(747, 20, 42),
(770, 20, 43),
(794, 20, 44),
(820, 20, 45),
(844, 20, 46),
(865, 20, 47),
(890, 20, 48),
(915, 20, 49),
(937, 20, 50),
(964, 20, 51),
(986, 20, 52),
(1009, 20, 53),
(1034, 20, 54),
(1058, 20, 55),
(1083, 20, 56),
(1107, 20, 57),
(1130, 20, 58),
(1154, 20, 59),
(1177, 20, 60),
(1201, 20, 61),
(1228, 20, 62),
(1250, 20, 63),
(1276, 20, 64),
(1300, 20, 65),
(1324, 20, 66),
(1347, 20, 67),
(1372, 20, 68),
(1395, 20, 69),
(1420, 20, 70),
(1443, 20, 71),
(1465, 20, 72),
(1490, 20, 73),
(1514, 20, 74),
(1538, 20, 75),
(1564, 20, 76),
(1586, 20, 77),
(1612, 20, 78),
(1634, 20, 79),
(1660, 20, 80),
(1681, 20, 81),
(1708, 20, 82),
(1732, 20, 83),
(1753, 20, 84),
(1780, 20, 85),
(1802, 20, 86),
(1825, 20, 87),
(1849, 20, 88),
(1874, 20, 89),
(1899, 20, 90),
(1923, 20, 91),
(1945, 20, 92),
(1972, 20, 93),
(1994, 20, 94),
(2019, 20, 95),
(2041, 20, 96),
(2065, 20, 97),
(2092, 20, 98),
(2114, 20, 99),
(2137, 20, 100),
(2163, 20, 101),
(2185, 20, 102),
(2209, 20, 103),
(2235, 20, 104),
(2257, 20, 105),
(2281, 20, 106),
(2306, 20, 107),
(2332, 20, 108),
(2354, 20, 109),
(2379, 20, 110),
(2403, 20, 111),
(2428, 20, 112),
(2450, 20, 113),
(2475, 20, 114),
(2497, 20, 115),
(2523, 20, 116),
(2548, 20, 117),
(2571, 20, 118),
(2593, 20, 119),
(2619, 20, 120),
(2644, 20, 121),
(2666, 20, 122),
(2690, 20, 123),
(2714, 20, 124),
(2739, 20, 125),
(2762, 20, 126),
(2786, 20, 127),
(2809, 20, 128),
(2836, 20, 129),
(2857, 20, 130),
(2883, 20, 131),
(2908, 20, 132),
(2931, 20, 133),
(2954, 20, 134),
(2977, 20, 135),
(3001, 20, 136),
(3026, 20, 137),
(3050, 20, 138),
(3074, 20, 139),
(3100, 20, 140),
(3124, 20, 141),
(3145, 20, 142),
(3170, 20, 143),
(3196, 20, 144),
(3220, 20, 145),
(3241, 20, 146),
(3265, 20, 147),
(3291, 20, 148),
(3313, 20, 149),
(3340, 20, 150),
(3362, 20, 151),
(3388, 20, 152),
(3411, 20, 153),
(3435, 20, 154),
(3458, 20, 155),
(3481, 20, 156),
(3505, 20, 157),
(3529, 20, 158),
(3554, 20, 159),
(3579, 20, 160),
(3601, 20, 161),
(3628, 20, 162),
(3652, 20, 163),
(3673, 20, 164),
(3700, 20, 165),
(3724, 20, 166),
(3746, 20, 167),
(3769, 20, 168),
(3795, 20, 169),
(3818, 20, 170),
(3842, 20, 171),
(3863, 20, 172),
(3890, 20, 173),
(3913, 20, 174),
(3939, 20, 175),
(3962, 20, 176),
(3987, 20, 177),
(4011, 20, 178),
(4035, 20, 179),
(4057, 20, 180),
(4082, 20, 181),
(4105, 20, 182),
(4132, 20, 183),
(4155, 20, 184),
(4179, 20, 185),
(4203, 20, 186),
(4228, 20, 187),
(4252, 20, 188),
(4273, 20, 189),
(4297, 20, 190),
(4324, 20, 191),
(4347, 20, 192),
(4372, 20, 193),
(4394, 20, 194),
(4419, 20, 195),
(4444, 20, 196),
(4466, 20, 197),
(4491, 20, 198),
(4513, 20, 199),
(4537, 20, 200),
(4564, 20, 201),
(4585, 20, 202),
(4612, 20, 203),
(4636, 20, 204),
(4659, 20, 205),
(4681, 20, 206),
(4707, 20, 207),
(4729, 20, 208),
(4753, 20, 209),
(4780, 20, 210),
(4801, 20, 211),
(4826, 20, 212),
(4851, 20, 213),
(4874, 20, 214),
(4899, 20, 215),
(4922, 20, 216),
(4947, 20, 217),
(4969, 20, 218),
(4995, 20, 219),
(5020, 20, 220),
(5043, 20, 221),
(5068, 20, 222),
(5091, 20, 223),
(5113, 20, 224),
(5138, 20, 225),
(5164, 20, 226),
(5187, 20, 227),
(5212, 20, 228),
(5236, 20, 229),
(5258, 20, 230),
(5284, 20, 231),
(5308, 20, 232),
(5329, 20, 233),
(5355, 20, 234),
(5378, 20, 235),
(5401, 20, 236),
(5428, 20, 237),
(5451, 20, 238),
(5473, 20, 239),
(5497, 20, 240),
(5522, 20, 241),
(3, 21, 11),
(25, 21, 12),
(50, 21, 13),
(74, 21, 14),
(98, 21, 15),
(124, 21, 16),
(146, 21, 17),
(170, 21, 18),
(193, 21, 19),
(219, 21, 20),
(244, 21, 21),
(267, 21, 22),
(290, 21, 23),
(315, 21, 24),
(337, 21, 25),
(361, 21, 26),
(385, 21, 27),
(409, 21, 28),
(436, 21, 29),
(459, 21, 30),
(483, 21, 31),
(506, 21, 32),
(530, 21, 33),
(555, 21, 34),
(578, 21, 35),
(604, 21, 36),
(628, 21, 37),
(651, 21, 38),
(675, 21, 39),
(697, 21, 40),
(723, 21, 41),
(748, 21, 42),
(771, 21, 43),
(795, 21, 44),
(819, 21, 45),
(841, 21, 46),
(867, 21, 47),
(889, 21, 48),
(916, 21, 49),
(938, 21, 50),
(961, 21, 51),
(987, 21, 52),
(1012, 21, 53),
(1033, 21, 54),
(1060, 21, 55),
(1084, 21, 56),
(1108, 21, 57),
(1131, 21, 58),
(1156, 21, 59),
(1180, 21, 60),
(1203, 21, 61),
(1227, 21, 62),
(1251, 21, 63),
(1274, 21, 64),
(1299, 21, 65),
(1323, 21, 66),
(1345, 21, 67),
(1370, 21, 68),
(1393, 21, 69),
(1418, 21, 70),
(1442, 21, 71),
(1468, 21, 72),
(1492, 21, 73),
(1516, 21, 74),
(1540, 21, 75),
(1561, 21, 76),
(1588, 21, 77),
(1609, 21, 78),
(1636, 21, 79),
(1658, 21, 80),
(1683, 21, 81),
(1707, 21, 82),
(1731, 21, 83),
(1755, 21, 84),
(1779, 21, 85),
(1801, 21, 86),
(1826, 21, 87),
(1851, 21, 88),
(1875, 21, 89),
(1898, 21, 90),
(1924, 21, 91),
(1946, 21, 92),
(1970, 21, 93),
(1993, 21, 94),
(2018, 21, 95),
(2043, 21, 96),
(2068, 21, 97),
(2089, 21, 98),
(2113, 21, 99),
(2139, 21, 100),
(2164, 21, 101),
(2188, 21, 102),
(2210, 21, 103),
(2233, 21, 104),
(2258, 21, 105),
(2284, 21, 106),
(2305, 21, 107),
(2330, 21, 108),
(2355, 21, 109),
(2377, 21, 110),
(2404, 21, 111),
(2427, 21, 112),
(2451, 21, 113),
(2474, 21, 114),
(2498, 21, 115),
(2524, 21, 116),
(2547, 21, 117),
(2569, 21, 118),
(2596, 21, 119),
(2618, 21, 120),
(2643, 21, 121),
(2665, 21, 122),
(2692, 21, 123),
(2713, 21, 124),
(2738, 21, 125),
(2763, 21, 126),
(2787, 21, 127),
(2811, 21, 128),
(2833, 21, 129),
(2860, 21, 130),
(2881, 21, 131),
(2907, 21, 132),
(2930, 21, 133),
(2953, 21, 134),
(2979, 21, 135),
(3002, 21, 136),
(3028, 21, 137),
(3051, 21, 138),
(3073, 21, 139),
(3099, 21, 140),
(3122, 21, 141),
(3146, 21, 142),
(3169, 21, 143),
(3193, 21, 144),
(3217, 21, 145),
(3242, 21, 146),
(3268, 21, 147),
(3289, 21, 148),
(3314, 21, 149),
(3338, 21, 150),
(3361, 21, 151),
(3387, 21, 152),
(3410, 21, 153),
(3433, 21, 154),
(3460, 21, 155),
(3483, 21, 156),
(3508, 21, 157),
(3530, 21, 158),
(3553, 21, 159),
(3580, 21, 160),
(3602, 21, 161),
(3627, 21, 162),
(3650, 21, 163),
(3675, 21, 164),
(3697, 21, 165),
(3718, 21, 166),
(3745, 21, 167),
(3770, 21, 168),
(3796, 21, 169),
(3817, 21, 170),
(3843, 21, 171),
(3865, 21, 172),
(3892, 21, 173),
(3916, 21, 174),
(3940, 21, 175),
(3963, 21, 176),
(3986, 21, 177),
(4012, 21, 178),
(4036, 21, 179),
(4060, 21, 180),
(4081, 21, 181),
(4107, 21, 182),
(4129, 21, 183),
(4154, 21, 184),
(4180, 21, 185),
(4201, 21, 186),
(4225, 21, 187),
(4251, 21, 188),
(4276, 21, 189),
(4298, 21, 190),
(4322, 21, 191),
(4346, 21, 192),
(4370, 21, 193),
(4393, 21, 194),
(4417, 21, 195),
(4443, 21, 196),
(4465, 21, 197),
(4492, 21, 198),
(4514, 21, 199),
(4538, 21, 200),
(4561, 21, 201),
(4588, 21, 202),
(4611, 21, 203),
(4633, 21, 204),
(4658, 21, 205),
(4684, 21, 206),
(4706, 21, 207),
(4731, 21, 208),
(4756, 21, 209),
(4778, 21, 210),
(4803, 21, 211),
(4827, 21, 212),
(4849, 21, 213),
(4875, 21, 214),
(4900, 21, 215),
(4923, 21, 216),
(4948, 21, 217),
(4970, 21, 218),
(4994, 21, 219),
(5017, 21, 220),
(5041, 21, 221),
(5066, 21, 222),
(5092, 21, 223),
(5114, 21, 224),
(5137, 21, 225),
(5162, 21, 226),
(5185, 21, 227),
(5209, 21, 228),
(5234, 21, 229),
(5257, 21, 230),
(5281, 21, 231),
(5305, 21, 232),
(5331, 21, 233),
(5356, 21, 234),
(5379, 21, 235),
(5404, 21, 236),
(5427, 21, 237),
(5449, 21, 238),
(5475, 21, 239),
(5500, 21, 240),
(5524, 21, 241),
(5, 22, 11),
(30, 22, 12),
(54, 22, 13),
(78, 22, 14),
(150, 22, 17),
(197, 22, 19),
(246, 22, 21),
(269, 22, 22),
(294, 22, 23),
(366, 22, 26),
(389, 22, 27),
(438, 22, 29),
(461, 22, 30),
(557, 22, 34),
(605, 22, 36),
(629, 22, 37),
(677, 22, 39),
(702, 22, 40),
(726, 22, 41),
(749, 22, 42),
(797, 22, 44),
(845, 22, 46),
(870, 22, 47),
(917, 22, 49),
(941, 22, 50),
(966, 22, 51),
(1038, 22, 54),
(1062, 22, 55),
(1085, 22, 56),
(1110, 22, 57),
(1133, 22, 58),
(1158, 22, 59),
(1181, 22, 60),
(1205, 22, 61),
(1229, 22, 62),
(1254, 22, 63),
(1302, 22, 65),
(1326, 22, 66),
(1349, 22, 67),
(1398, 22, 69),
(1422, 22, 70),
(1446, 22, 71),
(1494, 22, 73),
(1517, 22, 74),
(1541, 22, 75),
(1566, 22, 76),
(1589, 22, 77),
(1637, 22, 79),
(1661, 22, 80),
(1686, 22, 81),
(1710, 22, 82),
(1734, 22, 83),
(1758, 22, 84),
(1829, 22, 87),
(1853, 22, 88),
(1902, 22, 90),
(1949, 22, 92),
(1974, 22, 93),
(1998, 22, 94),
(2022, 22, 95),
(2045, 22, 96),
(2094, 22, 98),
(2118, 22, 99),
(2190, 22, 102),
(2214, 22, 103),
(2238, 22, 104),
(2261, 22, 105),
(2285, 22, 106),
(2310, 22, 107),
(2381, 22, 110),
(2406, 22, 111),
(2430, 22, 112),
(2453, 22, 113),
(2501, 22, 115),
(2526, 22, 116),
(2550, 22, 117),
(2573, 22, 118),
(2597, 22, 119),
(2622, 22, 120),
(2645, 22, 121),
(2670, 22, 122),
(2718, 22, 124),
(2741, 22, 125),
(2765, 22, 126),
(2790, 22, 127),
(2814, 22, 128),
(2838, 22, 129),
(2861, 22, 130),
(2886, 22, 131),
(2909, 22, 132),
(2933, 22, 133),
(2958, 22, 134),
(2982, 22, 135),
(3006, 22, 136),
(3030, 22, 137),
(3053, 22, 138),
(3150, 22, 142),
(3221, 22, 145),
(3245, 22, 146),
(3269, 22, 147),
(3293, 22, 148),
(3318, 22, 149),
(3341, 22, 150),
(3365, 22, 151),
(3413, 22, 153),
(3438, 22, 154),
(3461, 22, 155),
(3485, 22, 156),
(3509, 22, 157),
(3533, 22, 158),
(3582, 22, 160),
(3605, 22, 161),
(3629, 22, 162),
(3653, 22, 163),
(3677, 22, 164),
(3701, 22, 165),
(3725, 22, 166),
(3773, 22, 168),
(3797, 22, 169),
(3822, 22, 170),
(3846, 22, 171),
(3917, 22, 174),
(3942, 22, 175),
(3966, 22, 176),
(3989, 22, 177),
(4013, 22, 178),
(4037, 22, 179),
(4061, 22, 180),
(4086, 22, 181),
(4133, 22, 183),
(4181, 22, 185),
(4230, 22, 187),
(4277, 22, 189),
(4325, 22, 191),
(4349, 22, 192),
(4373, 22, 193),
(4422, 22, 195),
(4446, 22, 196),
(4493, 22, 198),
(4517, 22, 199),
(4589, 22, 202),
(4662, 22, 205),
(4686, 22, 206),
(4757, 22, 209),
(4781, 22, 210),
(4806, 22, 211),
(4854, 22, 213),
(4877, 22, 214),
(4902, 22, 215),
(4949, 22, 217),
(4974, 22, 218),
(5118, 22, 224),
(5214, 22, 228),
(5237, 22, 229),
(5285, 22, 231),
(5357, 22, 234),
(5381, 22, 235),
(5429, 22, 237),
(5453, 22, 238),
(5478, 22, 239),
(5526, 22, 241),
(53, 23, 13),
(101, 23, 15),
(126, 23, 16),
(149, 23, 17),
(173, 23, 18),
(198, 23, 19),
(222, 23, 20),
(245, 23, 21),
(270, 23, 22),
(293, 23, 23),
(317, 23, 24),
(342, 23, 25),
(365, 23, 26),
(390, 23, 27),
(413, 23, 28),
(437, 23, 29),
(485, 23, 31),
(509, 23, 32),
(534, 23, 33),
(558, 23, 34),
(582, 23, 35),
(606, 23, 36),
(654, 23, 38),
(678, 23, 39),
(773, 23, 43),
(822, 23, 45),
(894, 23, 48),
(918, 23, 49),
(942, 23, 50),
(965, 23, 51),
(990, 23, 52),
(1013, 23, 53),
(1109, 23, 57),
(1230, 23, 62),
(1253, 23, 63),
(1278, 23, 64),
(1374, 23, 68),
(1421, 23, 70),
(1445, 23, 71),
(1470, 23, 72),
(1518, 23, 74),
(1565, 23, 76),
(1613, 23, 78),
(1638, 23, 79),
(1662, 23, 80),
(1733, 23, 83),
(1757, 23, 84),
(1781, 23, 85),
(1805, 23, 86),
(1830, 23, 87),
(1877, 23, 89),
(1926, 23, 91),
(1973, 23, 93),
(1997, 23, 94),
(2046, 23, 96),
(2069, 23, 97),
(2093, 23, 98),
(2142, 23, 100),
(2165, 23, 101),
(2213, 23, 103),
(2286, 23, 106),
(2309, 23, 107),
(2334, 23, 108),
(2358, 23, 109),
(2405, 23, 111),
(2429, 23, 112),
(2454, 23, 113),
(2478, 23, 114),
(2502, 23, 115),
(2525, 23, 116),
(2598, 23, 119),
(2621, 23, 120),
(2646, 23, 121),
(2693, 23, 123),
(2717, 23, 124),
(2742, 23, 125),
(2789, 23, 127),
(2813, 23, 128),
(2837, 23, 129),
(2862, 23, 130),
(2910, 23, 132),
(2981, 23, 135),
(3029, 23, 137),
(3078, 23, 139),
(3102, 23, 140),
(3126, 23, 141),
(3149, 23, 142),
(3174, 23, 143),
(3198, 23, 144),
(3222, 23, 145),
(3270, 23, 147),
(3294, 23, 148),
(3317, 23, 149),
(3342, 23, 150),
(3389, 23, 152),
(3437, 23, 154),
(3462, 23, 155),
(3558, 23, 159),
(3606, 23, 161),
(3630, 23, 162),
(3702, 23, 165),
(3750, 23, 167),
(3798, 23, 169),
(3821, 23, 170),
(3870, 23, 172),
(3893, 23, 173),
(3918, 23, 174),
(3941, 23, 175),
(3990, 23, 177),
(4038, 23, 179),
(4062, 23, 180),
(4085, 23, 181),
(4110, 23, 182),
(4134, 23, 183),
(4158, 23, 184),
(4206, 23, 186),
(4229, 23, 187),
(4253, 23, 188),
(4301, 23, 190),
(4350, 23, 192),
(4374, 23, 193),
(4398, 23, 194),
(4445, 23, 196),
(4469, 23, 197),
(4518, 23, 199),
(4542, 23, 200),
(4565, 23, 201),
(4590, 23, 202),
(4614, 23, 203),
(4637, 23, 204),
(4709, 23, 207),
(4733, 23, 208),
(4805, 23, 211),
(4829, 23, 212),
(4853, 23, 213),
(4878, 23, 214),
(4926, 23, 216),
(4950, 23, 217),
(4998, 23, 219),
(5022, 23, 220),
(5046, 23, 221),
(5069, 23, 222),
(5093, 23, 223),
(5117, 23, 224),
(5142, 23, 225),
(5165, 23, 226),
(5189, 23, 227),
(5262, 23, 230),
(5309, 23, 232),
(5334, 23, 233),
(5358, 23, 234),
(5406, 23, 236),
(5430, 23, 237),
(5477, 23, 239),
(5501, 23, 240),
(6, 24, 11),
(29, 24, 12),
(77, 24, 14),
(102, 24, 15),
(125, 24, 16),
(174, 24, 18),
(221, 24, 20),
(318, 24, 24);
INSERT INTO `QuestionsTests` (`_ID`, `_IDQuestion`, `_IDTest`) VALUES
(341, 24, 25),
(414, 24, 28),
(462, 24, 30),
(486, 24, 31),
(510, 24, 32),
(533, 24, 33),
(581, 24, 35),
(630, 24, 37),
(653, 24, 38),
(701, 24, 40),
(725, 24, 41),
(750, 24, 42),
(774, 24, 43),
(798, 24, 44),
(821, 24, 45),
(846, 24, 46),
(869, 24, 47),
(893, 24, 48),
(989, 24, 52),
(1014, 24, 53),
(1037, 24, 54),
(1061, 24, 55),
(1086, 24, 56),
(1134, 24, 58),
(1157, 24, 59),
(1182, 24, 60),
(1206, 24, 61),
(1277, 24, 64),
(1301, 24, 65),
(1325, 24, 66),
(1350, 24, 67),
(1373, 24, 68),
(1397, 24, 69),
(1469, 24, 72),
(1493, 24, 73),
(1542, 24, 75),
(1590, 24, 77),
(1614, 24, 78),
(1685, 24, 81),
(1709, 24, 82),
(1782, 24, 85),
(1806, 24, 86),
(1854, 24, 88),
(1878, 24, 89),
(1901, 24, 90),
(1925, 24, 91),
(1950, 24, 92),
(2021, 24, 95),
(2070, 24, 97),
(2117, 24, 99),
(2141, 24, 100),
(2166, 24, 101),
(2189, 24, 102),
(2237, 24, 104),
(2262, 24, 105),
(2333, 24, 108),
(2357, 24, 109),
(2382, 24, 110),
(2477, 24, 114),
(2549, 24, 117),
(2574, 24, 118),
(2669, 24, 122),
(2694, 24, 123),
(2766, 24, 126),
(2885, 24, 131),
(2934, 24, 133),
(2957, 24, 134),
(3005, 24, 136),
(3054, 24, 138),
(3077, 24, 139),
(3101, 24, 140),
(3125, 24, 141),
(3173, 24, 143),
(3197, 24, 144),
(3246, 24, 146),
(3366, 24, 151),
(3390, 24, 152),
(3414, 24, 153),
(3486, 24, 156),
(3510, 24, 157),
(3534, 24, 158),
(3557, 24, 159),
(3581, 24, 160),
(3654, 24, 163),
(3678, 24, 164),
(3726, 24, 166),
(3749, 24, 167),
(3774, 24, 168),
(3845, 24, 171),
(3869, 24, 172),
(3894, 24, 173),
(3965, 24, 176),
(4014, 24, 178),
(4109, 24, 182),
(4157, 24, 184),
(4182, 24, 185),
(4205, 24, 186),
(4254, 24, 188),
(4278, 24, 189),
(4302, 24, 190),
(4326, 24, 191),
(4397, 24, 194),
(4421, 24, 195),
(4470, 24, 197),
(4494, 24, 198),
(4541, 24, 200),
(4566, 24, 201),
(4613, 24, 203),
(4638, 24, 204),
(4661, 24, 205),
(4685, 24, 206),
(4710, 24, 207),
(4734, 24, 208),
(4758, 24, 209),
(4782, 24, 210),
(4830, 24, 212),
(4901, 24, 215),
(4925, 24, 216),
(4973, 24, 218),
(4997, 24, 219),
(5021, 24, 220),
(5045, 24, 221),
(5070, 24, 222),
(5094, 24, 223),
(5141, 24, 225),
(5166, 24, 226),
(5190, 24, 227),
(5213, 24, 228),
(5238, 24, 229),
(5261, 24, 230),
(5286, 24, 231),
(5310, 24, 232),
(5333, 24, 233),
(5382, 24, 235),
(5405, 24, 236),
(5454, 24, 238),
(5502, 24, 240),
(5525, 24, 241),
(7, 25, 11),
(31, 25, 12),
(55, 25, 13),
(79, 25, 14),
(103, 25, 15),
(127, 25, 16),
(151, 25, 17),
(175, 25, 18),
(199, 25, 19),
(223, 25, 20),
(247, 25, 21),
(271, 25, 22),
(295, 25, 23),
(319, 25, 24),
(343, 25, 25),
(367, 25, 26),
(391, 25, 27),
(415, 25, 28),
(439, 25, 29),
(463, 25, 30),
(487, 25, 31),
(511, 25, 32),
(535, 25, 33),
(559, 25, 34),
(583, 25, 35),
(607, 25, 36),
(631, 25, 37),
(655, 25, 38),
(679, 25, 39),
(703, 25, 40),
(727, 25, 41),
(751, 25, 42),
(775, 25, 43),
(799, 25, 44),
(823, 25, 45),
(847, 25, 46),
(871, 25, 47),
(895, 25, 48),
(919, 25, 49),
(943, 25, 50),
(967, 25, 51),
(991, 25, 52),
(1015, 25, 53),
(1039, 25, 54),
(1063, 25, 55),
(1087, 25, 56),
(1111, 25, 57),
(1135, 25, 58),
(1159, 25, 59),
(1183, 25, 60),
(1207, 25, 61),
(1231, 25, 62),
(1255, 25, 63),
(1279, 25, 64),
(1303, 25, 65),
(1327, 25, 66),
(1351, 25, 67),
(1375, 25, 68),
(1399, 25, 69),
(1423, 25, 70),
(1447, 25, 71),
(1471, 25, 72),
(1495, 25, 73),
(1519, 25, 74),
(1543, 25, 75),
(1567, 25, 76),
(1591, 25, 77),
(1615, 25, 78),
(1639, 25, 79),
(1663, 25, 80),
(1687, 25, 81),
(1711, 25, 82),
(1735, 25, 83),
(1759, 25, 84),
(1783, 25, 85),
(1807, 25, 86),
(1831, 25, 87),
(1855, 25, 88),
(1879, 25, 89),
(1903, 25, 90),
(1927, 25, 91),
(1951, 25, 92),
(1975, 25, 93),
(1999, 25, 94),
(2023, 25, 95),
(2047, 25, 96),
(2071, 25, 97),
(2095, 25, 98),
(2119, 25, 99),
(2143, 25, 100),
(2167, 25, 101),
(2191, 25, 102),
(2215, 25, 103),
(2239, 25, 104),
(2263, 25, 105),
(2287, 25, 106),
(2311, 25, 107),
(2335, 25, 108),
(2359, 25, 109),
(2383, 25, 110),
(2407, 25, 111),
(2431, 25, 112),
(2455, 25, 113),
(2479, 25, 114),
(2503, 25, 115),
(2527, 25, 116),
(2551, 25, 117),
(2575, 25, 118),
(2599, 25, 119),
(2623, 25, 120),
(2647, 25, 121),
(2671, 25, 122),
(2695, 25, 123),
(2719, 25, 124),
(2743, 25, 125),
(2767, 25, 126),
(2791, 25, 127),
(2815, 25, 128),
(2839, 25, 129),
(2863, 25, 130),
(2887, 25, 131),
(2911, 25, 132),
(2935, 25, 133),
(2959, 25, 134),
(2983, 25, 135),
(3007, 25, 136),
(3031, 25, 137),
(3055, 25, 138),
(3079, 25, 139),
(3103, 25, 140),
(3127, 25, 141),
(3151, 25, 142),
(3175, 25, 143),
(3199, 25, 144),
(3223, 25, 145),
(3247, 25, 146),
(3271, 25, 147),
(3295, 25, 148),
(3319, 25, 149),
(3343, 25, 150),
(3367, 25, 151),
(3391, 25, 152),
(3415, 25, 153),
(3439, 25, 154),
(3463, 25, 155),
(3487, 25, 156),
(3511, 25, 157),
(3535, 25, 158),
(3559, 25, 159),
(3583, 25, 160),
(3607, 25, 161),
(3631, 25, 162),
(3655, 25, 163),
(3679, 25, 164),
(3703, 25, 165),
(3727, 25, 166),
(3751, 25, 167),
(3775, 25, 168),
(3799, 25, 169),
(3823, 25, 170),
(3847, 25, 171),
(3871, 25, 172),
(3895, 25, 173),
(3919, 25, 174),
(3943, 25, 175),
(3967, 25, 176),
(3991, 25, 177),
(4015, 25, 178),
(4039, 25, 179),
(4063, 25, 180),
(4087, 25, 181),
(4111, 25, 182),
(4135, 25, 183),
(4159, 25, 184),
(4183, 25, 185),
(4207, 25, 186),
(4231, 25, 187),
(4255, 25, 188),
(4279, 25, 189),
(4303, 25, 190),
(4327, 25, 191),
(4351, 25, 192),
(4375, 25, 193),
(4399, 25, 194),
(4423, 25, 195),
(4447, 25, 196),
(4471, 25, 197),
(4495, 25, 198),
(4519, 25, 199),
(4543, 25, 200),
(4567, 25, 201),
(4591, 25, 202),
(4615, 25, 203),
(4639, 25, 204),
(4663, 25, 205),
(4687, 25, 206),
(4711, 25, 207),
(4735, 25, 208),
(4759, 25, 209),
(4783, 25, 210),
(4807, 25, 211),
(4831, 25, 212),
(4855, 25, 213),
(4879, 25, 214),
(4903, 25, 215),
(4927, 25, 216),
(4951, 25, 217),
(4975, 25, 218),
(4999, 25, 219),
(5023, 25, 220),
(5047, 25, 221),
(5071, 25, 222),
(5095, 25, 223),
(5119, 25, 224),
(5143, 25, 225),
(5167, 25, 226),
(5191, 25, 227),
(5215, 25, 228),
(5239, 25, 229),
(5263, 25, 230),
(5287, 25, 231),
(5311, 25, 232),
(5335, 25, 233),
(5359, 25, 234),
(5383, 25, 235),
(5407, 25, 236),
(5431, 25, 237),
(5455, 25, 238),
(5479, 25, 239),
(5503, 25, 240),
(5527, 25, 241),
(59, 26, 13),
(105, 26, 15),
(227, 26, 20),
(248, 26, 21),
(321, 26, 24),
(371, 26, 26),
(440, 26, 29),
(466, 26, 30),
(515, 26, 32),
(561, 26, 34),
(608, 26, 36),
(632, 26, 37),
(704, 26, 40),
(729, 26, 41),
(752, 26, 42),
(778, 26, 43),
(800, 26, 44),
(849, 26, 46),
(896, 26, 48),
(946, 26, 50),
(995, 26, 52),
(1018, 26, 53),
(1067, 26, 55),
(1115, 26, 57),
(1185, 26, 60),
(1257, 26, 63),
(1282, 26, 64),
(1547, 26, 75),
(1571, 26, 76),
(1594, 26, 77),
(1641, 26, 79),
(1665, 26, 80),
(1714, 26, 82),
(1736, 26, 83),
(1762, 26, 84),
(1811, 26, 86),
(1880, 26, 89),
(1906, 26, 90),
(1931, 26, 91),
(1979, 26, 93),
(2051, 26, 96),
(2074, 26, 97),
(2096, 26, 98),
(2120, 26, 99),
(2171, 26, 101),
(2193, 26, 102),
(2242, 26, 104),
(2267, 26, 105),
(2289, 26, 106),
(2312, 26, 107),
(2456, 26, 113),
(2480, 26, 114),
(2504, 26, 115),
(2530, 26, 116),
(2579, 26, 118),
(2600, 26, 119),
(2698, 26, 123),
(2720, 26, 124),
(2770, 26, 126),
(2795, 26, 127),
(2819, 26, 128),
(2842, 26, 129),
(2866, 26, 130),
(2937, 26, 133),
(3008, 26, 136),
(3033, 26, 137),
(3105, 26, 140),
(3129, 26, 141),
(3176, 26, 143),
(3203, 26, 144),
(3226, 26, 145),
(3275, 26, 147),
(3296, 26, 148),
(3323, 26, 149),
(3371, 26, 151),
(3443, 26, 154),
(3467, 26, 155),
(3512, 26, 157),
(3537, 26, 158),
(3563, 26, 159),
(3584, 26, 160),
(3681, 26, 164),
(3704, 26, 165),
(3730, 26, 166),
(3779, 26, 168),
(3824, 26, 170),
(3848, 26, 171),
(3971, 26, 176),
(4019, 26, 178),
(4113, 26, 182),
(4187, 26, 185),
(4209, 26, 186),
(4235, 26, 187),
(4259, 26, 188),
(4282, 26, 189),
(4402, 26, 194),
(4425, 26, 195),
(4473, 26, 197),
(4498, 26, 198),
(4523, 26, 199),
(4593, 26, 202),
(4618, 26, 203),
(4667, 26, 205),
(4713, 26, 207),
(4763, 26, 209),
(4834, 26, 212),
(4928, 26, 216),
(4976, 26, 218),
(5049, 26, 221),
(5074, 26, 222),
(5145, 26, 225),
(5242, 26, 229),
(5264, 26, 230),
(5289, 26, 231),
(5313, 26, 232),
(5339, 26, 233),
(5384, 26, 235),
(5458, 26, 238),
(5481, 26, 239),
(5504, 26, 240),
(32, 27, 12),
(57, 27, 13),
(81, 27, 14),
(155, 27, 17),
(179, 27, 18),
(200, 27, 19),
(226, 27, 20),
(249, 27, 21),
(274, 27, 22),
(322, 27, 24),
(345, 27, 25),
(370, 27, 26),
(395, 27, 27),
(465, 27, 30),
(538, 27, 33),
(584, 27, 35),
(610, 27, 36),
(659, 27, 38),
(680, 27, 39),
(707, 27, 40),
(755, 27, 42),
(802, 27, 44),
(826, 27, 45),
(851, 27, 46),
(873, 27, 47),
(921, 27, 49),
(970, 27, 51),
(992, 27, 52),
(1042, 27, 54),
(1065, 27, 55),
(1090, 27, 56),
(1112, 27, 57),
(1139, 27, 58),
(1160, 27, 59),
(1256, 27, 63),
(1305, 27, 65),
(1402, 27, 69),
(1427, 27, 70),
(1451, 27, 71),
(1475, 27, 72),
(1499, 27, 73),
(1520, 27, 74),
(1570, 27, 76),
(1618, 27, 78),
(1664, 27, 80),
(1690, 27, 81),
(1786, 27, 85),
(1883, 27, 89),
(1930, 27, 91),
(1953, 27, 92),
(1977, 27, 93),
(2003, 27, 94),
(2026, 27, 95),
(2073, 27, 97),
(2144, 27, 100),
(2168, 27, 101),
(2266, 27, 105),
(2338, 27, 108),
(2362, 27, 109),
(2433, 27, 112),
(2481, 27, 114),
(2555, 27, 117),
(2577, 27, 118),
(2602, 27, 119),
(2675, 27, 122),
(2722, 27, 124),
(2746, 27, 125),
(2818, 27, 128),
(2867, 27, 130),
(2889, 27, 131),
(2912, 27, 132),
(2936, 27, 133),
(2961, 27, 134),
(3034, 27, 137),
(3058, 27, 138),
(3082, 27, 139),
(3106, 27, 140),
(3128, 27, 141),
(3179, 27, 143),
(3227, 27, 145),
(3251, 27, 146),
(3272, 27, 147),
(3299, 27, 148),
(3417, 27, 153),
(3464, 27, 155),
(3489, 27, 156),
(3539, 27, 158),
(3585, 27, 160),
(3610, 27, 161),
(3657, 27, 163),
(3705, 27, 165),
(3754, 27, 167),
(3800, 27, 169),
(3851, 27, 171),
(3874, 27, 172),
(3897, 27, 173),
(3920, 27, 174),
(3945, 27, 175),
(3969, 27, 176),
(3992, 27, 177),
(4043, 27, 179),
(4139, 27, 183),
(4160, 27, 184),
(4186, 27, 185),
(4210, 27, 186),
(4257, 27, 188),
(4281, 27, 189),
(4304, 27, 190),
(4329, 27, 191),
(4354, 27, 192),
(4379, 27, 193),
(4400, 27, 194),
(4451, 27, 196),
(4474, 27, 197),
(4522, 27, 199),
(4544, 27, 200),
(4571, 27, 201),
(4619, 27, 203),
(4664, 27, 205),
(4688, 27, 206),
(4737, 27, 208),
(4786, 27, 210),
(4810, 27, 211),
(4833, 27, 212),
(4858, 27, 213),
(4883, 27, 214),
(4931, 27, 216),
(4955, 27, 217),
(4977, 27, 218),
(5000, 27, 219),
(5026, 27, 220),
(5050, 27, 221),
(5168, 27, 226),
(5192, 27, 227),
(5218, 27, 228),
(5240, 27, 229),
(5267, 27, 230),
(5290, 27, 231),
(5338, 27, 233),
(5483, 27, 239),
(5529, 27, 241),
(56, 28, 13),
(106, 28, 15),
(178, 28, 18),
(202, 28, 19),
(224, 28, 20),
(251, 28, 21),
(273, 28, 22),
(347, 28, 25),
(419, 28, 28),
(441, 28, 29),
(464, 28, 30),
(489, 28, 31),
(562, 28, 34),
(633, 28, 37),
(658, 28, 38),
(706, 28, 40),
(777, 28, 43),
(827, 28, 45),
(850, 28, 46),
(872, 28, 47),
(897, 28, 48),
(920, 28, 49),
(969, 28, 51),
(993, 28, 52),
(1040, 28, 54),
(1088, 28, 56),
(1137, 28, 58),
(1208, 28, 61),
(1234, 28, 62),
(1258, 28, 63),
(1280, 28, 64),
(1307, 28, 65),
(1352, 28, 67),
(1379, 28, 68),
(1400, 28, 69),
(1426, 28, 70),
(1448, 28, 71),
(1496, 28, 73),
(1522, 28, 74),
(1545, 28, 75),
(1617, 28, 78),
(1640, 28, 79),
(1667, 28, 80),
(1689, 28, 81),
(1761, 28, 84),
(1784, 28, 85),
(1810, 28, 86),
(1835, 28, 87),
(1858, 28, 88),
(1904, 28, 90),
(1929, 28, 91),
(1976, 28, 93),
(2123, 28, 99),
(2145, 28, 100),
(2169, 28, 101),
(2192, 28, 102),
(2217, 28, 103),
(2241, 28, 104),
(2264, 28, 105),
(2314, 28, 107),
(2336, 28, 108),
(2360, 28, 109),
(2384, 28, 110),
(2411, 28, 111),
(2434, 28, 112),
(2483, 28, 114),
(2506, 28, 115),
(2528, 28, 116),
(2552, 28, 117),
(2626, 28, 120),
(2648, 28, 121),
(2672, 28, 122),
(2697, 28, 123),
(2723, 28, 124),
(2768, 28, 126),
(2817, 28, 128),
(2840, 28, 129),
(2865, 28, 130),
(2888, 28, 131),
(2914, 28, 132),
(2938, 28, 133),
(2960, 28, 134),
(3010, 28, 136),
(3059, 28, 138),
(3081, 28, 139),
(3155, 28, 142),
(3178, 28, 143),
(3201, 28, 144),
(3274, 28, 147),
(3345, 28, 150),
(3394, 28, 152),
(3416, 28, 153),
(3440, 28, 154),
(3466, 28, 155),
(3488, 28, 156),
(3515, 28, 157),
(3562, 28, 159),
(3634, 28, 162),
(3656, 28, 163),
(3683, 28, 164),
(3729, 28, 166),
(3752, 28, 167),
(3776, 28, 168),
(3802, 28, 169),
(3825, 28, 170),
(3849, 28, 171),
(3872, 28, 172),
(3896, 28, 173),
(3944, 28, 175),
(3993, 28, 177),
(4016, 28, 178),
(4042, 28, 179),
(4066, 28, 180),
(4112, 28, 182),
(4138, 28, 183),
(4163, 28, 184),
(4232, 28, 187),
(4283, 28, 189),
(4330, 28, 191),
(4355, 28, 192),
(4403, 28, 194),
(4424, 28, 195),
(4475, 28, 197),
(4496, 28, 198),
(4545, 28, 200),
(4569, 28, 201),
(4643, 28, 204),
(4689, 28, 206),
(4761, 28, 209),
(4808, 28, 211),
(4832, 28, 212),
(4857, 28, 213),
(4881, 28, 214),
(4907, 28, 215),
(4952, 28, 217),
(5025, 28, 220),
(5099, 28, 223),
(5123, 28, 224),
(5144, 28, 225),
(5194, 28, 227),
(5241, 28, 229),
(5314, 28, 232),
(5361, 28, 234),
(5387, 28, 235),
(5409, 28, 236),
(5433, 28, 237),
(5459, 28, 238),
(5480, 28, 239),
(5531, 28, 241),
(11, 29, 11),
(34, 29, 12),
(83, 29, 14),
(107, 29, 15),
(130, 29, 16),
(152, 29, 17),
(201, 29, 19),
(299, 29, 23),
(320, 29, 24),
(346, 29, 25),
(368, 29, 26),
(417, 29, 28),
(488, 29, 31),
(512, 29, 32),
(536, 29, 33),
(587, 29, 35),
(635, 29, 37),
(681, 29, 39),
(754, 29, 42),
(824, 29, 45),
(922, 29, 49),
(945, 29, 50),
(994, 29, 52),
(1016, 29, 53),
(1064, 29, 55),
(1089, 29, 56),
(1138, 29, 58),
(1187, 29, 60),
(1233, 29, 62),
(1283, 29, 64),
(1306, 29, 65),
(1330, 29, 66),
(1353, 29, 67),
(1378, 29, 68),
(1474, 29, 72),
(1523, 29, 74),
(1569, 29, 76),
(1592, 29, 77),
(1619, 29, 78),
(1691, 29, 81),
(1713, 29, 82),
(1739, 29, 83),
(1856, 29, 88),
(1905, 29, 90),
(1954, 29, 92),
(2000, 29, 94),
(2147, 29, 100),
(2170, 29, 101),
(2194, 29, 102),
(2218, 29, 103),
(2240, 29, 104),
(2290, 29, 106),
(2361, 29, 109),
(2385, 29, 110),
(2457, 29, 113),
(2507, 29, 115),
(2529, 29, 116),
(2553, 29, 117),
(2578, 29, 118),
(2601, 29, 119),
(2627, 29, 120),
(2649, 29, 121),
(2696, 29, 123),
(2745, 29, 125),
(2771, 29, 126),
(2915, 29, 132),
(2962, 29, 134),
(2986, 29, 135),
(3011, 29, 136),
(3153, 29, 142),
(3250, 29, 146),
(3298, 29, 148),
(3344, 29, 150),
(3369, 29, 151),
(3392, 29, 152),
(3441, 29, 154),
(3611, 29, 161),
(3633, 29, 162),
(3755, 29, 167),
(3801, 29, 169),
(3826, 29, 170),
(3875, 29, 172),
(3923, 29, 174),
(3946, 29, 175),
(3970, 29, 176),
(3995, 29, 177),
(4018, 29, 178),
(4065, 29, 180),
(4088, 29, 181),
(4114, 29, 182),
(4161, 29, 184),
(4184, 29, 185),
(4258, 29, 188),
(4307, 29, 190),
(4331, 29, 191),
(4448, 29, 196),
(4570, 29, 201),
(4592, 29, 202),
(4641, 29, 204),
(4714, 29, 207),
(4736, 29, 208),
(4762, 29, 209),
(4784, 29, 210),
(4811, 29, 211),
(4835, 29, 212),
(4856, 29, 213),
(4882, 29, 214),
(4929, 29, 216),
(4954, 29, 217),
(5001, 29, 219),
(5027, 29, 220),
(5051, 29, 221),
(5098, 29, 223),
(5120, 29, 224),
(5170, 29, 226),
(5217, 29, 228),
(5337, 29, 233),
(5362, 29, 234),
(5435, 29, 237),
(5456, 29, 238),
(5528, 29, 241),
(10, 30, 11),
(80, 30, 14),
(128, 30, 16),
(154, 30, 17),
(177, 30, 18),
(250, 30, 21),
(296, 30, 23),
(393, 30, 27),
(416, 30, 28),
(443, 30, 29),
(491, 30, 31),
(513, 30, 32),
(537, 30, 33),
(657, 30, 38),
(682, 30, 39),
(705, 30, 40),
(730, 30, 41),
(779, 30, 43),
(801, 30, 44),
(848, 30, 46),
(899, 30, 48),
(923, 30, 49),
(944, 30, 50),
(971, 30, 51),
(1041, 30, 54),
(1091, 30, 56),
(1113, 30, 57),
(1162, 30, 59),
(1186, 30, 60),
(1209, 30, 61),
(1232, 30, 62),
(1259, 30, 63),
(1331, 30, 66),
(1354, 30, 67),
(1377, 30, 68),
(1424, 30, 70),
(1472, 30, 72),
(1497, 30, 73),
(1521, 30, 74),
(1544, 30, 75),
(1568, 30, 76),
(1593, 30, 77),
(1666, 30, 80),
(1738, 30, 83),
(1763, 30, 84),
(1833, 30, 87),
(1882, 30, 89),
(1952, 30, 92),
(2001, 30, 94),
(2025, 30, 95),
(2049, 30, 96),
(2072, 30, 97),
(2098, 30, 98),
(2121, 30, 99),
(2195, 30, 102),
(2216, 30, 103),
(2313, 30, 107),
(2363, 30, 109),
(2409, 30, 111),
(2458, 30, 113),
(2482, 30, 114),
(2505, 30, 115),
(2625, 30, 120),
(2673, 30, 122),
(2699, 30, 123),
(2769, 30, 126),
(2793, 30, 127),
(2816, 30, 128),
(2841, 30, 129),
(2985, 30, 135),
(3035, 30, 137),
(3080, 30, 139),
(3177, 30, 143),
(3202, 30, 144),
(3224, 30, 145),
(3248, 30, 146),
(3297, 30, 148),
(3322, 30, 149),
(3395, 30, 152),
(3418, 30, 153),
(3490, 30, 156),
(3538, 30, 158),
(3560, 30, 159),
(3586, 30, 160),
(3658, 30, 163),
(3680, 30, 164),
(3707, 30, 165),
(3728, 30, 166),
(3827, 30, 170),
(3873, 30, 172),
(3899, 30, 173),
(3922, 30, 174),
(4067, 30, 180),
(4089, 30, 181),
(4137, 30, 183),
(4208, 30, 186),
(4233, 30, 187),
(4256, 30, 188),
(4353, 30, 192),
(4378, 30, 193),
(4401, 30, 194),
(4426, 30, 195),
(4521, 30, 199),
(4546, 30, 200),
(4594, 30, 202),
(4616, 30, 203),
(4665, 30, 205),
(4690, 30, 206),
(4712, 30, 207),
(4739, 30, 208),
(4760, 30, 209),
(4785, 30, 210),
(4859, 30, 213),
(4905, 30, 215),
(5002, 30, 219),
(5048, 30, 221),
(5072, 30, 222),
(5096, 30, 223),
(5122, 30, 224),
(5146, 30, 225),
(5171, 30, 226),
(5193, 30, 227),
(5216, 30, 228),
(5243, 30, 229),
(5265, 30, 230),
(5291, 30, 231),
(5312, 30, 232),
(5386, 30, 235),
(5408, 30, 236),
(5505, 30, 240),
(8, 31, 11),
(35, 31, 12),
(58, 31, 13),
(82, 31, 14),
(129, 31, 16),
(153, 31, 17),
(225, 31, 20),
(272, 31, 22),
(298, 31, 23),
(323, 31, 24),
(344, 31, 25),
(392, 31, 27),
(418, 31, 28),
(442, 31, 29),
(467, 31, 30),
(490, 31, 31),
(539, 31, 33),
(560, 31, 34),
(585, 31, 35),
(611, 31, 36),
(656, 31, 38),
(728, 31, 41),
(776, 31, 43),
(803, 31, 44),
(825, 31, 45),
(874, 31, 47),
(898, 31, 48),
(1019, 31, 53),
(1114, 31, 57),
(1136, 31, 58),
(1163, 31, 59),
(1211, 31, 61),
(1235, 31, 62),
(1304, 31, 65),
(1328, 31, 66),
(1376, 31, 68),
(1403, 31, 69),
(1450, 31, 71),
(1498, 31, 73),
(1546, 31, 75),
(1616, 31, 78),
(1642, 31, 79),
(1688, 31, 81),
(1712, 31, 82),
(1737, 31, 83),
(1787, 31, 85),
(1808, 31, 86),
(1834, 31, 87),
(1859, 31, 88),
(1881, 31, 89),
(1907, 31, 90),
(1955, 31, 92),
(2002, 31, 94),
(2027, 31, 95),
(2048, 31, 96),
(2075, 31, 97),
(2097, 31, 98),
(2122, 31, 99),
(2265, 31, 105),
(2288, 31, 106),
(2337, 31, 108),
(2386, 31, 110),
(2410, 31, 111),
(2432, 31, 112),
(2459, 31, 113),
(2531, 31, 116),
(2554, 31, 117),
(2576, 31, 118),
(2603, 31, 119),
(2651, 31, 121),
(2674, 31, 122),
(2721, 31, 124),
(2747, 31, 125),
(2794, 31, 127),
(2843, 31, 129),
(2891, 31, 131),
(2939, 31, 133),
(2984, 31, 135),
(3009, 31, 136),
(3056, 31, 138),
(3104, 31, 140),
(3130, 31, 141),
(3152, 31, 142),
(3200, 31, 144),
(3225, 31, 145),
(3249, 31, 146),
(3320, 31, 149),
(3346, 31, 150),
(3368, 31, 151),
(3442, 31, 154),
(3491, 31, 156),
(3514, 31, 157),
(3536, 31, 158),
(3608, 31, 161),
(3635, 31, 162),
(3659, 31, 163),
(3682, 31, 164),
(3731, 31, 166),
(3753, 31, 167),
(3778, 31, 168),
(3898, 31, 173),
(3921, 31, 174),
(3947, 31, 175),
(3968, 31, 176),
(4041, 31, 179),
(4064, 31, 180),
(4090, 31, 181),
(4115, 31, 182),
(4136, 31, 183),
(4162, 31, 184),
(4185, 31, 185),
(4211, 31, 186),
(4234, 31, 187),
(4305, 31, 190),
(4377, 31, 193),
(4450, 31, 196),
(4472, 31, 197),
(4499, 31, 198),
(4547, 31, 200),
(4595, 31, 202),
(4617, 31, 203),
(4642, 31, 204),
(4691, 31, 206),
(4715, 31, 207),
(4787, 31, 210),
(4809, 31, 211),
(4880, 31, 214),
(4906, 31, 215),
(4930, 31, 216),
(4953, 31, 217),
(4978, 31, 218),
(5003, 31, 219),
(5075, 31, 222),
(5121, 31, 224),
(5147, 31, 225),
(5195, 31, 227),
(5288, 31, 231),
(5315, 31, 232),
(5360, 31, 234),
(5385, 31, 235),
(5410, 31, 236),
(5432, 31, 237),
(5507, 31, 240),
(5530, 31, 241),
(9, 32, 11),
(33, 32, 12),
(104, 32, 15),
(131, 32, 16),
(176, 32, 18),
(203, 32, 19),
(275, 32, 22),
(297, 32, 23),
(369, 32, 26),
(394, 32, 27),
(514, 32, 32),
(563, 32, 34),
(586, 32, 35),
(609, 32, 36),
(634, 32, 37),
(683, 32, 39),
(731, 32, 41),
(753, 32, 42),
(875, 32, 47),
(947, 32, 50),
(968, 32, 51),
(1017, 32, 53),
(1043, 32, 54),
(1066, 32, 55),
(1161, 32, 59),
(1184, 32, 60),
(1210, 32, 61),
(1281, 32, 64),
(1329, 32, 66),
(1355, 32, 67),
(1401, 32, 69),
(1425, 32, 70),
(1449, 32, 71),
(1473, 32, 72),
(1595, 32, 77),
(1643, 32, 79),
(1715, 32, 82),
(1760, 32, 84),
(1785, 32, 85),
(1809, 32, 86),
(1832, 32, 87),
(1857, 32, 88),
(1928, 32, 91),
(1978, 32, 93),
(2024, 32, 95),
(2050, 32, 96),
(2099, 32, 98),
(2146, 32, 100),
(2219, 32, 103),
(2243, 32, 104),
(2291, 32, 106),
(2315, 32, 107),
(2339, 32, 108),
(2387, 32, 110),
(2408, 32, 111),
(2435, 32, 112),
(2624, 32, 120),
(2650, 32, 121),
(2744, 32, 125),
(2792, 32, 127),
(2864, 32, 130),
(2890, 32, 131),
(2913, 32, 132),
(2963, 32, 134),
(2987, 32, 135),
(3032, 32, 137),
(3057, 32, 138),
(3083, 32, 139),
(3107, 32, 140),
(3131, 32, 141),
(3154, 32, 142),
(3273, 32, 147),
(3321, 32, 149),
(3347, 32, 150),
(3370, 32, 151),
(3393, 32, 152),
(3419, 32, 153),
(3465, 32, 155),
(3513, 32, 157),
(3561, 32, 159),
(3587, 32, 160),
(3609, 32, 161),
(3632, 32, 162),
(3706, 32, 165),
(3777, 32, 168),
(3803, 32, 169),
(3850, 32, 171),
(3994, 32, 177),
(4017, 32, 178),
(4040, 32, 179),
(4091, 32, 181),
(4280, 32, 189),
(4306, 32, 190),
(4328, 32, 191),
(4352, 32, 192),
(4376, 32, 193),
(4427, 32, 195),
(4449, 32, 196),
(4497, 32, 198),
(4520, 32, 199),
(4568, 32, 201),
(4640, 32, 204),
(4666, 32, 205),
(4738, 32, 208),
(4904, 32, 215),
(4979, 32, 218),
(5024, 32, 220),
(5073, 32, 222),
(5097, 32, 223),
(5169, 32, 226),
(5219, 32, 228),
(5266, 32, 230),
(5336, 32, 233),
(5363, 32, 234),
(5411, 32, 236),
(5434, 32, 237),
(5457, 32, 238),
(5482, 32, 239),
(5506, 32, 240),
(18, 33, 11),
(41, 33, 12),
(66, 33, 13),
(89, 33, 14),
(113, 33, 15),
(137, 33, 16),
(162, 33, 17),
(185, 33, 18),
(209, 33, 19),
(233, 33, 20),
(258, 33, 21),
(281, 33, 22),
(305, 33, 23),
(329, 33, 24),
(354, 33, 25),
(378, 33, 26),
(401, 33, 27),
(426, 33, 28),
(449, 33, 29),
(474, 33, 30),
(498, 33, 31),
(522, 33, 32),
(545, 33, 33),
(570, 33, 34),
(593, 33, 35),
(618, 33, 36),
(641, 33, 37),
(665, 33, 38),
(690, 33, 39),
(713, 33, 40),
(738, 33, 41),
(761, 33, 42),
(785, 33, 43),
(809, 33, 44),
(833, 33, 45),
(858, 33, 46),
(881, 33, 47),
(906, 33, 48),
(930, 33, 49),
(954, 33, 50),
(978, 33, 51),
(1001, 33, 52),
(1026, 33, 53),
(1049, 33, 54),
(1073, 33, 55),
(1097, 33, 56),
(1121, 33, 57),
(1146, 33, 58),
(1169, 33, 59),
(1194, 33, 60),
(1218, 33, 61),
(1241, 33, 62),
(1265, 33, 63),
(1290, 33, 64),
(1314, 33, 65),
(1337, 33, 66),
(1361, 33, 67),
(1385, 33, 68),
(1409, 33, 69),
(1434, 33, 70),
(1458, 33, 71),
(1482, 33, 72),
(1506, 33, 73),
(1530, 33, 74),
(1553, 33, 75),
(1578, 33, 76),
(1602, 33, 77),
(1626, 33, 78),
(1650, 33, 79),
(1673, 33, 80),
(1697, 33, 81),
(1722, 33, 82),
(1746, 33, 83),
(1770, 33, 84),
(1794, 33, 85),
(1817, 33, 86),
(1841, 33, 87),
(1865, 33, 88),
(1890, 33, 89),
(1913, 33, 90),
(1938, 33, 91),
(1962, 33, 92),
(1985, 33, 93),
(2009, 33, 94),
(2033, 33, 95),
(2057, 33, 96),
(2081, 33, 97),
(2105, 33, 98),
(2130, 33, 99),
(2153, 33, 100),
(2178, 33, 101),
(2202, 33, 102),
(2225, 33, 103),
(2250, 33, 104),
(2274, 33, 105),
(2297, 33, 106),
(2322, 33, 107),
(2345, 33, 108),
(2369, 33, 109),
(2393, 33, 110),
(2417, 33, 111),
(2441, 33, 112),
(2466, 33, 113),
(2489, 33, 114),
(2513, 33, 115),
(2538, 33, 116),
(2561, 33, 117),
(2586, 33, 118),
(2610, 33, 119),
(2633, 33, 120),
(2657, 33, 121),
(2681, 33, 122),
(2706, 33, 123),
(2729, 33, 124),
(2754, 33, 125),
(2778, 33, 126),
(2801, 33, 127),
(2826, 33, 128),
(2849, 33, 129),
(2873, 33, 130),
(2898, 33, 131),
(2922, 33, 132),
(2946, 33, 133),
(2970, 33, 134),
(2994, 33, 135),
(3018, 33, 136),
(3042, 33, 137),
(3065, 33, 138),
(3089, 33, 139),
(3114, 33, 140),
(3138, 33, 141),
(3162, 33, 142),
(3186, 33, 143),
(3209, 33, 144),
(3233, 33, 145),
(3257, 33, 146),
(3282, 33, 147),
(3305, 33, 148),
(3330, 33, 149),
(3353, 33, 150),
(3378, 33, 151),
(3402, 33, 152),
(3425, 33, 153),
(3450, 33, 154),
(3474, 33, 155),
(3498, 33, 156),
(3522, 33, 157),
(3545, 33, 158),
(3569, 33, 159),
(3593, 33, 160),
(3618, 33, 161),
(3641, 33, 162),
(3666, 33, 163),
(3690, 33, 164),
(3713, 33, 165),
(3737, 33, 166),
(3762, 33, 167),
(3786, 33, 168),
(3809, 33, 169),
(3833, 33, 170),
(3858, 33, 171),
(3881, 33, 172),
(3905, 33, 173),
(3930, 33, 174),
(3953, 33, 175),
(3977, 33, 176),
(4001, 33, 177),
(4025, 33, 178),
(4050, 33, 179),
(4073, 33, 180),
(4098, 33, 181),
(4122, 33, 182),
(4146, 33, 183),
(4169, 33, 184),
(4193, 33, 185),
(4217, 33, 186),
(4241, 33, 187),
(4266, 33, 188),
(4290, 33, 189),
(4313, 33, 190),
(4338, 33, 191),
(4361, 33, 192),
(4386, 33, 193),
(4410, 33, 194),
(4433, 33, 195),
(4458, 33, 196),
(4482, 33, 197),
(4506, 33, 198),
(4529, 33, 199),
(4554, 33, 200),
(4577, 33, 201),
(4601, 33, 202),
(4625, 33, 203),
(4650, 33, 204),
(4673, 33, 205),
(4697, 33, 206),
(4722, 33, 207),
(4745, 33, 208),
(4770, 33, 209),
(4794, 33, 210),
(4818, 33, 211),
(4842, 33, 212),
(4865, 33, 213),
(4889, 33, 214),
(4913, 33, 215),
(4938, 33, 216),
(4962, 33, 217),
(4985, 33, 218),
(5009, 33, 219),
(5034, 33, 220),
(5057, 33, 221),
(5081, 33, 222),
(5106, 33, 223),
(5129, 33, 224),
(5153, 33, 225),
(5178, 33, 226),
(5202, 33, 227),
(5225, 33, 228),
(5249, 33, 229),
(5273, 33, 230),
(5297, 33, 231),
(5322, 33, 232),
(5346, 33, 233),
(5369, 33, 234),
(5393, 33, 235),
(5418, 33, 236),
(5442, 33, 237),
(5465, 33, 238),
(5490, 33, 239),
(5514, 33, 240),
(5538, 33, 241),
(19, 34, 11),
(43, 34, 12),
(115, 34, 15),
(139, 34, 16),
(259, 34, 21),
(547, 34, 33),
(619, 34, 36),
(691, 34, 39),
(931, 34, 49),
(979, 34, 51),
(1027, 34, 53),
(1219, 34, 61),
(1243, 34, 62),
(1291, 34, 64),
(1411, 34, 69),
(1531, 34, 74),
(1579, 34, 76),
(1627, 34, 78),
(1771, 34, 84),
(1795, 34, 85),
(2035, 34, 95),
(2155, 34, 100),
(2275, 34, 105),
(2515, 34, 115),
(2731, 34, 124),
(2851, 34, 129),
(2899, 34, 131),
(2923, 34, 132),
(2971, 34, 134),
(3115, 34, 140),
(3187, 34, 143),
(3259, 34, 146),
(3283, 34, 147),
(3379, 34, 151),
(3595, 34, 160),
(3643, 34, 162),
(3931, 34, 174),
(4075, 34, 180),
(4147, 34, 183),
(4219, 34, 186),
(4243, 34, 187),
(4267, 34, 188),
(4363, 34, 192),
(4435, 34, 195),
(4483, 34, 197),
(4531, 34, 199),
(4579, 34, 201),
(4747, 34, 208),
(4963, 34, 217),
(5155, 34, 225),
(5299, 34, 231),
(5395, 34, 235),
(5419, 34, 236),
(5467, 34, 238),
(5491, 34, 239),
(91, 35, 14),
(163, 35, 17),
(211, 35, 19),
(283, 35, 22),
(331, 35, 24),
(379, 35, 26),
(403, 35, 27),
(427, 35, 28),
(595, 35, 35),
(667, 35, 38),
(739, 35, 41),
(787, 35, 43),
(1051, 35, 54),
(1147, 35, 58),
(1315, 35, 65),
(1603, 35, 77),
(1651, 35, 79),
(1675, 35, 80),
(1699, 35, 81),
(1747, 35, 83),
(1819, 35, 86),
(1843, 35, 87),
(1915, 35, 90),
(1963, 35, 92),
(2059, 35, 96),
(2131, 35, 99),
(2347, 35, 108),
(2371, 35, 109),
(2563, 35, 117),
(2683, 35, 122),
(2803, 35, 127),
(2875, 35, 130),
(2947, 35, 133),
(3019, 35, 136),
(3043, 35, 137),
(3091, 35, 139),
(3139, 35, 141),
(3211, 35, 144),
(3355, 35, 150),
(3499, 35, 156),
(3523, 35, 157),
(3571, 35, 159),
(3859, 35, 171),
(4027, 35, 178),
(4291, 35, 189),
(4315, 35, 190),
(4387, 35, 193),
(4411, 35, 194),
(4459, 35, 196),
(4627, 35, 203),
(4651, 35, 204),
(4699, 35, 206),
(4771, 35, 209),
(4795, 35, 210),
(4867, 35, 213),
(4939, 35, 216),
(4987, 35, 218),
(5035, 35, 220),
(5083, 35, 222),
(5179, 35, 226),
(5203, 35, 227),
(5227, 35, 228),
(5251, 35, 229),
(5275, 35, 230),
(187, 36, 18),
(451, 36, 29),
(475, 36, 30),
(811, 36, 44),
(835, 36, 45),
(859, 36, 46),
(883, 36, 47),
(907, 36, 48),
(955, 36, 50),
(1123, 36, 57),
(1195, 36, 60),
(1267, 36, 63),
(1363, 36, 67),
(1387, 36, 68),
(1867, 36, 88),
(1939, 36, 91),
(1987, 36, 93),
(2011, 36, 94),
(2107, 36, 98),
(2179, 36, 101),
(2419, 36, 111),
(2443, 36, 112),
(2467, 36, 113),
(2539, 36, 116),
(2587, 36, 118),
(2995, 36, 135),
(3067, 36, 138),
(3307, 36, 148),
(3331, 36, 149),
(3403, 36, 152),
(3475, 36, 155),
(3619, 36, 161),
(3787, 36, 168),
(3811, 36, 169),
(3883, 36, 172),
(3955, 36, 175),
(4051, 36, 179),
(4099, 36, 181),
(4123, 36, 182),
(4171, 36, 184),
(4195, 36, 185),
(4843, 36, 212),
(4915, 36, 215),
(5059, 36, 221),
(5371, 36, 234),
(5539, 36, 241),
(67, 37, 13),
(235, 37, 20),
(307, 37, 23),
(355, 37, 25),
(499, 37, 31),
(523, 37, 32),
(571, 37, 34),
(643, 37, 37),
(715, 37, 40),
(763, 37, 42),
(1003, 37, 52),
(1075, 37, 55),
(1099, 37, 56),
(1171, 37, 59),
(1339, 37, 66),
(1435, 37, 70),
(1459, 37, 71),
(1483, 37, 72),
(1507, 37, 73),
(1555, 37, 75),
(1723, 37, 82),
(1891, 37, 89),
(2083, 37, 97),
(2203, 37, 102),
(2227, 37, 103),
(2251, 37, 104),
(2299, 37, 106),
(2323, 37, 107),
(2395, 37, 110),
(2491, 37, 114),
(2611, 37, 119),
(2635, 37, 120),
(2659, 37, 121),
(2707, 37, 123),
(2755, 37, 125),
(2779, 37, 126),
(2827, 37, 128),
(3163, 37, 142),
(3235, 37, 145),
(3427, 37, 153),
(3451, 37, 154),
(3547, 37, 158),
(3667, 37, 163),
(3691, 37, 164),
(3715, 37, 165),
(3739, 37, 166),
(3763, 37, 167),
(3835, 37, 170),
(3907, 37, 173),
(3979, 37, 176),
(4003, 37, 177),
(4339, 37, 191),
(4507, 37, 198),
(4555, 37, 200),
(4603, 37, 202),
(4675, 37, 205),
(4723, 37, 207),
(4819, 37, 211),
(4891, 37, 214),
(5011, 37, 219),
(5107, 37, 223),
(5131, 37, 224),
(5323, 37, 232),
(5347, 37, 233),
(5443, 37, 237),
(5515, 37, 240),
(17, 38, 11),
(42, 38, 12),
(65, 38, 13),
(90, 38, 14),
(114, 38, 15),
(138, 38, 16),
(161, 38, 17),
(186, 38, 18),
(210, 38, 19),
(234, 38, 20),
(257, 38, 21),
(282, 38, 22),
(306, 38, 23),
(330, 38, 24),
(353, 38, 25),
(377, 38, 26),
(402, 38, 27),
(425, 38, 28),
(450, 38, 29),
(473, 38, 30),
(497, 38, 31),
(521, 38, 32),
(546, 38, 33),
(569, 38, 34),
(594, 38, 35),
(617, 38, 36),
(642, 38, 37),
(666, 38, 38),
(689, 38, 39),
(714, 38, 40),
(737, 38, 41),
(762, 38, 42),
(786, 38, 43),
(810, 38, 44),
(834, 38, 45),
(857, 38, 46),
(882, 38, 47),
(905, 38, 48),
(929, 38, 49),
(953, 38, 50),
(977, 38, 51),
(1002, 38, 52),
(1025, 38, 53),
(1050, 38, 54),
(1074, 38, 55),
(1098, 38, 56),
(1122, 38, 57),
(1145, 38, 58),
(1170, 38, 59),
(1193, 38, 60),
(1217, 38, 61),
(1242, 38, 62),
(1266, 38, 63),
(1289, 38, 64),
(1313, 38, 65),
(1338, 38, 66),
(1362, 38, 67),
(1386, 38, 68),
(1410, 38, 69),
(1433, 38, 70),
(1457, 38, 71),
(1481, 38, 72),
(1505, 38, 73),
(1529, 38, 74),
(1554, 38, 75),
(1577, 38, 76),
(1601, 38, 77),
(1625, 38, 78),
(1649, 38, 79),
(1674, 38, 80),
(1698, 38, 81),
(1721, 38, 82),
(1745, 38, 83),
(1769, 38, 84),
(1793, 38, 85),
(1818, 38, 86),
(1842, 38, 87),
(1866, 38, 88),
(1889, 38, 89),
(1914, 38, 90),
(1937, 38, 91),
(1961, 38, 92),
(1986, 38, 93),
(2010, 38, 94),
(2034, 38, 95),
(2058, 38, 96),
(2082, 38, 97),
(2106, 38, 98),
(2129, 38, 99),
(2154, 38, 100),
(2177, 38, 101),
(2201, 38, 102),
(2226, 38, 103),
(2249, 38, 104),
(2273, 38, 105),
(2298, 38, 106),
(2321, 38, 107),
(2346, 38, 108),
(2370, 38, 109),
(2394, 38, 110),
(2418, 38, 111),
(2442, 38, 112),
(2465, 38, 113),
(2490, 38, 114),
(2514, 38, 115),
(2537, 38, 116),
(2562, 38, 117),
(2585, 38, 118),
(2609, 38, 119),
(2634, 38, 120),
(2658, 38, 121),
(2682, 38, 122),
(2705, 38, 123),
(2730, 38, 124),
(2753, 38, 125),
(2777, 38, 126),
(2802, 38, 127),
(2825, 38, 128),
(2850, 38, 129),
(2874, 38, 130),
(2897, 38, 131),
(2921, 38, 132),
(2945, 38, 133),
(2969, 38, 134),
(2993, 38, 135),
(3017, 38, 136),
(3041, 38, 137),
(3066, 38, 138),
(3090, 38, 139),
(3113, 38, 140),
(3137, 38, 141),
(3161, 38, 142),
(3185, 38, 143),
(3210, 38, 144),
(3234, 38, 145),
(3258, 38, 146),
(3281, 38, 147),
(3306, 38, 148),
(3329, 38, 149),
(3354, 38, 150),
(3377, 38, 151),
(3401, 38, 152),
(3426, 38, 153),
(3449, 38, 154),
(3473, 38, 155),
(3497, 38, 156),
(3521, 38, 157),
(3546, 38, 158),
(3570, 38, 159),
(3594, 38, 160),
(3617, 38, 161),
(3642, 38, 162),
(3665, 38, 163),
(3689, 38, 164),
(3714, 38, 165),
(3738, 38, 166),
(3761, 38, 167),
(3785, 38, 168),
(3810, 38, 169),
(3834, 38, 170),
(3857, 38, 171),
(3882, 38, 172),
(3906, 38, 173),
(3929, 38, 174),
(3954, 38, 175),
(3978, 38, 176),
(4002, 38, 177),
(4026, 38, 178),
(4049, 38, 179),
(4074, 38, 180),
(4097, 38, 181),
(4121, 38, 182),
(4145, 38, 183),
(4170, 38, 184),
(4194, 38, 185),
(4218, 38, 186),
(4242, 38, 187),
(4265, 38, 188),
(4289, 38, 189),
(4314, 38, 190),
(4337, 38, 191),
(4362, 38, 192),
(4385, 38, 193),
(4409, 38, 194),
(4434, 38, 195),
(4457, 38, 196),
(4481, 38, 197),
(4505, 38, 198),
(4530, 38, 199),
(4553, 38, 200),
(4578, 38, 201),
(4602, 38, 202),
(4626, 38, 203),
(4649, 38, 204),
(4674, 38, 205),
(4698, 38, 206),
(4721, 38, 207),
(4746, 38, 208),
(4769, 38, 209),
(4793, 38, 210),
(4817, 38, 211),
(4841, 38, 212),
(4866, 38, 213),
(4890, 38, 214),
(4914, 38, 215),
(4937, 38, 216),
(4961, 38, 217),
(4986, 38, 218),
(5010, 38, 219),
(5033, 38, 220),
(5058, 38, 221),
(5082, 38, 222),
(5105, 38, 223),
(5130, 38, 224),
(5154, 38, 225),
(5177, 38, 226),
(5201, 38, 227),
(5226, 38, 228),
(5250, 38, 229),
(5274, 38, 230),
(5298, 38, 231),
(5321, 38, 232),
(5345, 38, 233),
(5370, 38, 234),
(5394, 38, 235),
(5417, 38, 236),
(5441, 38, 237),
(5466, 38, 238),
(5489, 38, 239),
(5513, 38, 240),
(5537, 38, 241);

-- --------------------------------------------------------

--
-- Structure de la table `ReponsesTests`
--

CREATE TABLE `ReponsesTests` (
  `_ID` int(11) NOT NULL,
  `_IDQuestion` int(11) NOT NULL,
  `_IDTest` int(11) NOT NULL,
  `_IDCantidat` int(11) NOT NULL,
  `Reponse` varchar(1000) COLLATE latin1_general_cs DEFAULT NULL
) ENGINE=InnoDB DEFAULT CHARSET=latin1 COLLATE=latin1_general_cs;

--
-- Déchargement des données de la table `ReponsesTests`
--

INSERT INTO `ReponsesTests` (`_ID`, `_IDQuestion`, `_IDTest`, `_IDCantidat`, `Reponse`) VALUES
(1, 25, 11, 1, 'Je ne sais pas '),
(2, 29, 11, 1, 'Je ne sais pas '),
(3, 30, 11, 1, 'Je ne sais pas '),
(4, 31, 11, 1, 'Je ne sais pas '),
(5, 32, 11, 1, 'Je ne sais pas '),
(6, 33, 11, 1, 'Je ne sais pas '),
(7, 34, 11, 1, 'Je ne sais pas '),
(8, 25, 235, 1, 'Je suis juste un petit tes pour check que tout est ok, je suis muni d\'un énorme');

-- --------------------------------------------------------

--
-- Structure de la table `Réponse`
--

CREATE TABLE `Réponse` (
  `_ID` int(11) NOT NULL,
  `_IDQuestion` int(11) NOT NULL,
  `Type` int(11) NOT NULL,
  `Reponse` varchar(2000) COLLATE latin1_general_cs NOT NULL
) ENGINE=InnoDB DEFAULT CHARSET=latin1 COLLATE=latin1_general_cs;

--
-- Déchargement des données de la table `Réponse`
--

INSERT INTO `Réponse` (`_ID`, `_IDQuestion`, `Type`, `Reponse`) VALUES
(1, 1, 2, '36'),
(2, 1, 2, '6'),
(3, 2, 1, ''),
(4, 3, 3, 'Vrai. Justification:'),
(5, 3, 3, 'Faux. Justification'),
(6, 13, 2, 'Souriant'),
(7, 13, 2, 'Réservé'),
(8, 13, 2, 'Généreux'),
(9, 14, 2, '\"Ne voulez-vous pas ... ?\"'),
(10, 14, 2, '\"Voulez-vous ... ?\"'),
(11, 15, 2, 'Je comprends votre point de vue'),
(12, 15, 2, 'Vous avez tort '),
(13, 15, 2, 'Vous ne comprenez pas '),
(14, 16, 2, 'Connaissance de l\'outil informatique '),
(15, 16, 2, 'Avoir des facilités en mathématiques '),
(16, 16, 2, 'Avoir des facilités en langue vivante'),
(17, 17, 2, 'Se mettre à la place du client ?'),
(18, 17, 2, 'Prendre des décisions à la place du client '),
(19, 17, 2, 'Finir les phrases du client '),
(20, 18, 2, 'Présent'),
(21, 18, 2, 'Futur'),
(22, 25, 1, ''),
(23, 26, 1, ''),
(24, 27, 1, ''),
(25, 28, 1, ''),
(26, 29, 1, ''),
(27, 30, 1, ''),
(28, 31, 1, ''),
(29, 32, 1, ''),
(30, 33, 1, ''),
(31, 34, 1, ''),
(32, 35, 1, ''),
(33, 36, 1, ''),
(34, 37, 1, ''),
(35, 38, 3, 'Faute - Correction :'),
(36, 38, 3, 'Il n\'y a pas de faute;');

-- --------------------------------------------------------

--
-- Structure de la table `Tests`
--

CREATE TABLE `Tests` (
  `_ID` int(11) NOT NULL,
  `NSalle` varchar(10) COLLATE latin1_general_cs NOT NULL,
  `Localisation` varchar(10) COLLATE latin1_general_cs NOT NULL,
  `DateDebut` timestamp NOT NULL DEFAULT current_timestamp(),
  `Createur` int(11) NOT NULL
) ENGINE=InnoDB DEFAULT CHARSET=latin1 COLLATE=latin1_general_cs;

--
-- Déchargement des données de la table `Tests`
--

INSERT INTO `Tests` (`_ID`, `NSalle`, `Localisation`, `DateDebut`, `Createur`) VALUES
(1, '1', '1', '2021-06-17 10:32:13', 1),
(2, '1', '1', '2021-06-17 10:33:32', 1),
(3, '1', '1', '2021-06-17 10:33:41', 1),
(4, '1', '1', '2021-06-17 10:36:42', 1),
(5, '1', '1', '2021-06-17 10:36:43', 1),
(6, '1', '1', '2021-06-17 10:42:52', 1),
(7, '1', '1', '2021-06-17 10:43:23', 1),
(8, '1', '1', '2021-06-17 10:43:26', 1),
(9, '1', '1', '2021-06-17 10:43:54', 1),
(10, '1', '1', '2021-06-17 10:44:19', 1),
(11, '1', '1', '2021-06-17 10:46:47', 1),
(12, '1', '1', '2021-06-17 10:46:57', 1),
(13, '1', '1', '2021-06-17 10:47:03', 1),
(14, '1', '1', '2021-06-17 10:47:30', 1),
(15, '1', '1', '2021-06-17 10:47:31', 1),
(16, '1', '1', '2021-06-17 10:47:31', 1),
(17, '1', '1', '2021-06-17 10:48:05', 1),
(18, '1', '1', '2021-06-17 10:51:12', 1),
(19, '1', '1', '2021-06-17 10:51:39', 1),
(20, '1', '1', '2021-06-17 10:53:29', 1),
(21, '1', '1', '2021-06-17 10:54:00', 1),
(22, '1', '1', '2021-06-17 10:54:50', 1),
(23, '1', '1', '2021-06-17 10:54:50', 1),
(24, '1', '1', '2021-06-17 10:54:50', 1),
(25, '1', '1', '2021-06-17 10:54:50', 1),
(26, '1', '1', '2021-06-17 10:54:50', 1),
(27, '1', '1', '2021-06-17 10:54:51', 1),
(28, '1', '1', '2021-06-17 10:55:55', 1),
(29, '1', '1', '2021-06-17 10:56:54', 1),
(30, '1', '1', '2021-06-17 10:56:54', 1),
(31, '1', '1', '2021-06-17 10:56:54', 1),
(32, '1', '1', '2021-06-17 10:56:55', 1),
(33, '1', '1', '2021-06-17 10:56:55', 1),
(34, '1', '1', '2021-06-17 10:56:55', 1),
(35, '1', '1', '2021-06-17 10:56:55', 1),
(36, '1', '1', '2021-06-17 10:56:55', 1),
(37, '1', '1', '2021-06-17 10:56:56', 1),
(38, '1', '1', '2021-06-17 10:58:25', 1),
(39, '1', '1', '2021-06-17 10:58:25', 1),
(40, '1', '1', '2021-06-17 10:58:25', 1),
(41, '1', '1', '2021-06-17 10:59:41', 1),
(42, '1', '1', '2021-06-17 10:59:42', 1),
(43, '1', '1', '2021-06-17 11:00:33', 1),
(44, '1', '1', '2021-06-17 11:00:34', 1),
(45, '1', '1', '2021-06-17 11:00:35', 1),
(46, '1', '1', '2021-06-17 11:00:35', 1),
(47, '1', '1', '2021-06-17 11:00:47', 1),
(48, '1', '1', '2021-06-17 11:01:17', 1),
(49, '1', '1', '2021-06-17 11:04:01', 1),
(50, '1', '1', '2021-06-17 11:04:02', 1),
(51, '1', '1', '2021-06-17 11:04:02', 1),
(52, '1', '1', '2021-06-17 11:04:02', 1),
(53, '1', '1', '2021-06-17 11:06:46', 1),
(54, '1', '1', '2021-06-17 11:09:33', 1),
(55, '1', '1', '2021-06-17 11:20:03', 1),
(56, '1', '1', '2021-06-17 11:42:51', 1),
(57, '1', '1', '2021-06-17 11:43:09', 1),
(58, '1', '1', '2021-06-17 11:43:51', 1),
(59, '1', '1', '2021-06-17 11:46:59', 1),
(60, '1', '1', '2021-06-17 11:47:04', 1),
(61, '1', '1', '2021-06-17 11:47:05', 1),
(62, '1', '1', '2021-06-17 11:47:05', 1),
(63, '1', '1', '2021-06-17 11:47:06', 1),
(64, '1', '1', '2021-06-17 11:47:07', 1),
(65, '1', '1', '2021-06-17 11:47:08', 1),
(66, '1', '1', '2021-06-17 11:47:09', 1),
(67, '1', '1', '2021-06-17 11:47:09', 1),
(68, '1', '1', '2021-06-17 11:47:11', 1),
(69, '1', '1', '2021-06-17 11:47:37', 1),
(70, '1', '1', '2021-06-17 11:47:39', 1),
(71, '1', '1', '2021-06-17 11:47:39', 1),
(72, '1', '1', '2021-06-17 11:47:40', 1),
(73, '1', '1', '2021-06-17 11:47:41', 1),
(74, '1', '1', '2021-06-17 11:47:42', 1),
(75, '1', '1', '2021-06-17 11:47:43', 1),
(76, '1', '1', '2021-06-17 11:47:43', 1),
(77, '1', '1', '2021-06-17 11:47:44', 1),
(78, '1', '1', '2021-06-17 11:47:45', 1),
(79, '1', '1', '2021-06-17 11:47:47', 1),
(80, '1', '1', '2021-06-17 11:47:48', 1),
(81, '1', '1', '2021-06-17 11:47:49', 1),
(82, '1', '1', '2021-06-17 11:47:50', 1),
(83, '1', '1', '2021-06-17 11:47:50', 1),
(84, '1', '1', '2021-06-17 11:47:51', 1),
(85, '1', '1', '2021-06-17 11:47:52', 1),
(86, '1', '1', '2021-06-17 11:47:53', 1),
(87, '1', '1', '2021-06-17 11:47:53', 1),
(88, '1', '1', '2021-06-17 11:47:56', 1),
(89, '1', '1', '2021-06-17 11:47:57', 1),
(90, '1', '1', '2021-06-17 11:48:32', 1),
(91, '1', '1', '2021-06-17 11:48:36', 1),
(92, '1', '1', '2021-06-17 11:48:46', 1),
(93, '1', '1', '2021-06-17 11:48:48', 1),
(94, '1', '1', '2021-06-17 11:49:00', 1),
(95, '1', '1', '2021-06-17 11:49:15', 1),
(96, '1', '1', '2021-06-17 11:49:25', 1),
(97, '1', '1', '2021-06-17 11:49:30', 1),
(98, '1', '1', '2021-06-17 11:50:44', 1),
(99, '1', '1', '2021-06-17 11:52:03', 1),
(100, '1', '1', '2021-06-17 11:57:43', 1),
(101, '1', '1', '2021-06-17 12:03:23', 1),
(102, '1', '1', '2021-06-17 12:08:44', 1),
(103, '1', '1', '2021-06-17 12:08:45', 1),
(104, '1', '1', '2021-06-17 12:08:45', 1),
(105, '1', '1', '2021-06-17 12:12:29', 1),
(106, '1', '1', '2021-06-17 12:12:36', 1),
(107, '1', '1', '2021-06-17 12:12:37', 1),
(108, '1', '1', '2021-06-17 12:12:37', 1),
(109, '1', '1', '2021-06-17 12:12:38', 1),
(110, '1', '1', '2021-06-17 12:12:39', 1),
(111, '1', '1', '2021-06-17 12:12:39', 1),
(112, '1', '1', '2021-06-17 12:12:40', 1),
(113, '1', '1', '2021-06-17 12:12:41', 1),
(114, '1', '1', '2021-06-17 12:12:42', 1),
(115, '1', '1', '2021-06-17 12:12:42', 1),
(116, '1', '1', '2021-06-17 12:12:43', 1),
(117, '1', '1', '2021-06-17 12:12:43', 1),
(118, '1', '1', '2021-06-17 12:12:44', 1),
(119, '1', '1', '2021-06-17 12:12:45', 1),
(120, '1', '1', '2021-06-17 12:12:45', 1),
(121, '1', '1', '2021-06-17 12:12:46', 1),
(122, '1', '1', '2021-06-17 12:12:47', 1),
(123, '1', '1', '2021-06-17 12:12:47', 1),
(124, '1', '1', '2021-06-17 12:12:48', 1),
(125, '1', '1', '2021-06-17 12:12:48', 1),
(126, '1', '1', '2021-06-17 12:12:49', 1),
(127, '1', '1', '2021-06-17 12:12:50', 1),
(128, '1', '1', '2021-06-17 12:13:20', 1),
(129, '1', '1', '2021-06-17 12:14:18', 1),
(130, '1', '1', '2021-06-17 12:16:11', 1),
(131, '1', '1', '2021-06-17 12:21:03', 1),
(132, '1', '1', '2021-06-17 12:22:17', 1),
(133, '1', '1', '2021-06-17 12:22:18', 1),
(134, '1', '1', '2021-06-17 12:22:18', 1),
(135, '1', '1', '2021-06-17 12:24:10', 1),
(136, '1', '1', '2021-06-17 12:24:30', 1),
(137, '1', '1', '2021-06-17 12:25:20', 1),
(138, '1', '1', '2021-06-17 12:25:22', 1),
(139, '1', '1', '2021-06-17 12:25:22', 1),
(140, '1', '1', '2021-06-17 12:25:22', 1),
(141, '1', '1', '2021-06-17 12:25:23', 1),
(142, '1', '1', '2021-06-17 12:25:23', 1),
(143, '1', '1', '2021-06-17 12:27:07', 1),
(144, '1', '1', '2021-06-17 12:27:08', 1),
(145, '1', '1', '2021-06-17 12:27:08', 1),
(146, '1', '1', '2021-06-17 12:27:09', 1),
(147, '1', '1', '2021-06-17 12:27:09', 1),
(148, '1', '1', '2021-06-17 12:27:15', 1),
(149, '1', '1', '2021-06-17 12:27:16', 1),
(150, '1', '1', '2021-06-17 12:27:17', 1),
(151, '1', '1', '2021-06-17 12:27:17', 1),
(152, '1', '1', '2021-06-17 12:27:17', 1),
(153, '1', '1', '2021-06-17 12:27:17', 1),
(154, '1', '1', '2021-06-17 12:27:17', 1),
(155, '1', '1', '2021-06-17 12:27:17', 1),
(156, '1', '1', '2021-06-17 12:27:18', 1),
(157, '1', '1', '2021-06-17 12:27:27', 1),
(158, '1', '1', '2021-06-17 12:27:28', 1),
(159, '1', '1', '2021-06-17 12:27:28', 1),
(160, '1', '1', '2021-06-17 12:27:28', 1),
(161, '1', '1', '2021-06-17 12:27:28', 1),
(162, '1', '1', '2021-06-17 12:27:44', 1),
(163, '1', '1', '2021-06-17 12:27:45', 1),
(164, '1', '1', '2021-06-17 12:27:45', 1),
(165, '1', '1', '2021-06-17 12:27:45', 1),
(166, '1', '1', '2021-06-17 12:27:45', 1),
(167, '1', '1', '2021-06-17 12:27:45', 1),
(168, '1', '1', '2021-06-17 12:28:14', 1),
(169, '1', '1', '2021-06-17 12:28:15', 1),
(170, '1', '1', '2021-06-17 12:28:15', 1),
(171, '1', '1', '2021-06-17 12:28:15', 1),
(172, '1', '1', '2021-06-17 12:28:15', 1),
(173, '1', '1', '2021-06-17 12:28:38', 1),
(174, '1', '1', '2021-06-17 12:32:22', 1),
(175, '1', '1', '2021-06-17 12:35:30', 1),
(176, '1', '1', '2021-06-17 12:35:31', 1),
(177, '1', '1', '2021-06-17 12:35:31', 1),
(178, '1', '1', '2021-06-17 12:36:45', 1),
(179, '1', '1', '2021-06-17 12:36:46', 1),
(180, '1', '1', '2021-06-17 12:36:46', 1),
(181, '1', '1', '2021-06-17 12:36:46', 1),
(182, '1', '1', '2021-06-17 12:36:47', 1),
(183, '1', '1', '2021-06-17 12:37:09', 1),
(184, '1', '1', '2021-06-17 12:37:17', 1),
(185, '1', '1', '2021-06-17 12:37:19', 1),
(186, '1', '1', '2021-06-17 12:37:30', 1),
(187, '1', '1', '2021-06-17 12:37:31', 1),
(188, '1', '1', '2021-06-17 12:37:31', 1),
(189, '1', '1', '2021-06-17 12:37:31', 1),
(190, '1', '1', '2021-06-17 12:37:38', 1),
(191, '1', '1', '2021-06-17 12:37:39', 1),
(192, '1', '1', '2021-06-17 12:37:39', 1),
(193, '1', '1', '2021-06-17 12:38:03', 1),
(194, '1', '1', '2021-06-17 12:38:04', 1),
(195, '1', '1', '2021-06-17 12:40:07', 1),
(196, '1', '1', '2021-06-17 12:40:07', 1),
(197, '1', '1', '2021-06-17 12:40:07', 1),
(198, '1', '1', '2021-06-17 12:40:08', 1),
(199, '1', '1', '2021-06-17 12:40:21', 1),
(200, '1', '1', '2021-06-17 12:41:41', 1),
(201, '1', '1', '2021-06-17 12:42:50', 1),
(202, '1', '1', '2021-06-17 12:42:51', 1),
(203, '1', '1', '2021-06-17 12:42:52', 1),
(204, '1', '1', '2021-06-17 12:42:53', 1),
(205, '1', '1', '2021-06-17 12:42:53', 1),
(206, '1', '1', '2021-06-17 12:42:53', 1),
(207, '1', '1', '2021-06-17 12:42:53', 1),
(208, '1', '1', '2021-06-17 12:42:54', 1),
(209, '1', '1', '2021-06-17 12:43:26', 1),
(210, '1', '1', '2021-06-17 12:43:37', 1),
(211, '1', '1', '2021-06-17 12:44:16', 1),
(212, '1', '1', '2021-06-17 12:44:29', 1),
(213, '1', '1', '2021-06-17 12:52:16', 1),
(214, '1', '1', '2021-06-17 12:52:17', 1),
(215, '1', '1', '2021-06-17 12:52:17', 1),
(216, '1', '1', '2021-06-17 12:52:17', 1),
(217, '1', '1', '2021-06-17 12:52:40', 1),
(218, '1', '1', '2021-06-17 13:36:38', 1),
(219, '1', '1', '2021-06-17 13:37:34', 1),
(220, '1', '1', '2021-06-17 13:53:05', 1),
(221, '1', '1', '2021-06-17 13:53:30', 1),
(222, '1', '1', '2021-06-17 13:56:14', 1),
(223, '1', '1', '2021-06-17 13:56:14', 1),
(224, '1', '1', '2021-06-17 13:56:14', 1),
(225, '1', '1', '2021-06-17 13:56:14', 1),
(226, '1', '1', '2021-06-17 14:02:00', 1),
(227, '1', '1', '2021-06-17 14:02:01', 1),
(228, '1', '1', '2021-06-17 14:02:01', 1),
(229, '1', '1', '2021-06-17 14:06:08', 1),
(230, '1', '1', '2021-06-17 14:06:08', 1),
(231, '1', '1', '2021-06-17 14:37:01', 1),
(232, '1', '1', '2021-06-17 14:47:22', 1),
(233, '1', '1', '2021-06-17 14:52:09', 1),
(234, '1', '1', '2021-06-17 14:52:17', 1),
(235, '1', '1', '2021-06-17 14:52:17', 1),
(236, '1', '1', '2021-06-18 10:52:00', 1),
(237, '1', '1', '2021-06-18 10:52:42', 1),
(238, '1', '1', '2021-06-18 10:54:24', 1),
(239, '1', '1', '2021-06-18 10:54:27', 1),
(240, '1', '1', '2021-06-18 11:02:56', 1),
(241, '1', '1', '2021-06-18 12:35:12', 1);

--
-- Index pour les tables déchargées
--

--
-- Index pour la table `Admins`
--
ALTER TABLE `Admins`
  ADD PRIMARY KEY (`ID`);

--
-- Index pour la table `Candidats`
--
ALTER TABLE `Candidats`
  ADD PRIMARY KEY (`_ID`),
  ADD KEY `_Token` (`_Token`);

--
-- Index pour la table `Categories`
--
ALTER TABLE `Categories`
  ADD PRIMARY KEY (`Nom`);

--
-- Index pour la table `Questions`
--
ALTER TABLE `Questions`
  ADD PRIMARY KEY (`_ID`),
  ADD KEY `Theme` (`Categorie`);

--
-- Index pour la table `QuestionsTests`
--
ALTER TABLE `QuestionsTests`
  ADD PRIMARY KEY (`_ID`),
  ADD KEY `_IDQuestion` (`_IDQuestion`,`_IDTest`);

--
-- Index pour la table `ReponsesTests`
--
ALTER TABLE `ReponsesTests`
  ADD PRIMARY KEY (`_ID`),
  ADD KEY `_IDQuestion` (`_IDQuestion`,`_IDTest`,`_IDCantidat`);

--
-- Index pour la table `Réponse`
--
ALTER TABLE `Réponse`
  ADD PRIMARY KEY (`_ID`);

--
-- Index pour la table `Tests`
--
ALTER TABLE `Tests`
  ADD PRIMARY KEY (`_ID`);

--
-- AUTO_INCREMENT pour les tables déchargées
--

--
-- AUTO_INCREMENT pour la table `Admins`
--
ALTER TABLE `Admins`
  MODIFY `ID` int(11) NOT NULL AUTO_INCREMENT, AUTO_INCREMENT=4;

--
-- AUTO_INCREMENT pour la table `Candidats`
--
ALTER TABLE `Candidats`
  MODIFY `_ID` int(11) NOT NULL AUTO_INCREMENT;

--
-- AUTO_INCREMENT pour la table `Questions`
--
ALTER TABLE `Questions`
  MODIFY `_ID` int(11) NOT NULL AUTO_INCREMENT, AUTO_INCREMENT=39;

--
-- AUTO_INCREMENT pour la table `QuestionsTests`
--
ALTER TABLE `QuestionsTests`
  MODIFY `_ID` int(11) NOT NULL AUTO_INCREMENT, AUTO_INCREMENT=5545;

--
-- AUTO_INCREMENT pour la table `ReponsesTests`
--
ALTER TABLE `ReponsesTests`
  MODIFY `_ID` int(11) NOT NULL AUTO_INCREMENT, AUTO_INCREMENT=9;

--
-- AUTO_INCREMENT pour la table `Réponse`
--
ALTER TABLE `Réponse`
  MODIFY `_ID` int(11) NOT NULL AUTO_INCREMENT, AUTO_INCREMENT=37;

--
-- AUTO_INCREMENT pour la table `Tests`
--
ALTER TABLE `Tests`
  MODIFY `_ID` int(11) NOT NULL AUTO_INCREMENT, AUTO_INCREMENT=242;

--
-- Contraintes pour les tables déchargées
--

--
-- Contraintes pour la table `Questions`
--
ALTER TABLE `Questions`
  ADD CONSTRAINT `Questions_ibfk_1` FOREIGN KEY (`Categorie`) REFERENCES `Categories` (`Nom`);

--
-- Contraintes pour la table `QuestionsTests`
--
ALTER TABLE `QuestionsTests`
  ADD CONSTRAINT `QuestionsTests_ibfk_1` FOREIGN KEY (`_IDQuestion`) REFERENCES `Questions` (`_ID`);
COMMIT;

/*!40101 SET CHARACTER_SET_CLIENT=@OLD_CHARACTER_SET_CLIENT */;
/*!40101 SET CHARACTER_SET_RESULTS=@OLD_CHARACTER_SET_RESULTS */;
/*!40101 SET COLLATION_CONNECTION=@OLD_COLLATION_CONNECTION */;
